Date,Open,High,Low,Close,Volume
17 June 2022,6320.76,6660.39,6287.2,6466.53,52773064704
16 June 2022,7109.55,7203.07,6259.52,6318.55,68127137792
15 June 2022,6711.8,7151.78,6029.13,7108.61,1.08E+11
14 June 2022,6636.84,6966.27,6161.46,6713.65,83829997568
13 June 2022,7565.19,7611.26,6389.95,6635.63,1.48E+11
12 June 2022,8069.84,8157.9,7523.84,7571.8,96199188480
11 June 2022,8580.47,8747.85,7981.3,8066.53,77836115968
10 June 2022,9077.16,9163.7,8548.82,8579.81,58473058304
09 June 2022,9058.19,9278.92,8963.18,9077.59,49722359808
08 June 2022,9200.04,9341.47,8938.01,9058.09,50490851328
07 June 2022,9360.87,9449.26,8728.66,9200.85,78373470208
06 June 2022,9040.49,9640.28,9007.92,9360.67,71476658176
05 June 2022,9055.42,9185.39,8908.85,9038.52,50203418624
04 June 2022,8967.85,9112.8,8801.67,9055.16,33963266048
03 June 2022,9304.63,9376.02,8828.16,8966.46,53299642368
02 June 2022,9052.81,9364.05,8928.22,9304.32,57507401728
01 June 2022,9746.85,9907.48,8913.66,9054.9,84420599808
31 May 2022,9846.5,10133.6,9585.38,9844.15,69743599616
30 May 2022,9063.57,9952.95,9006.35,9846.91,78124662784
29 May 2022,8937.97,9129.4,8766.65,9079.15,54897512448
28 May 2022,8691.46,8856.04,8651.24,8784.54,39918530560
27 May 2022,8958.88,9089.46,8552.7,8694.28,71550427136
26 May 2022,9465.36,9582.96,8697.8,8963.73,95715393536
25 May 2022,9582.65,9782.08,9373.68,9464.21,57010524160
24 May 2022,9410.8,9666.68,9177.18,9583.29,59543040000
23 May 2022,9771.94,10093,9360.1,9409.85,65534668800
22 May 2022,9479.52,9832.83,9406.78,9775.61,51245367296
21 May 2022,9340.53,9569.42,9230.01,9479.48,35860172800
20 May 2022,9645.1,9853.5,9153.09,9341.15,57894293504
19 May 2022,9171.6,9750.93,9044.21,9646.09,69723963392
18 May 2022,10019.6,10114.5,9164.1,9172.99,68618276864
17 May 2022,9656.53,10160.4,9597.89,10019.4,63848267776
16 May 2022,10310.4,10327.3,9469.16,9655.96,68641984512
15 May 2022,9817.02,10326.2,9489.61,10310.3,67577430016
14 May 2022,9541.13,9981.56,9102.01,9817.25,63086977024
13 May 2022,8973.05,10340.8,8868.26,9538.67,84316626944
12 May 2022,9354.42,9847.98,7879.18,8978.73,2.16E+11
11 May 2022,11271.3,11625.1,8898.12,9352.45,1.97E+11
10 May 2022,10925.6,12207.8,10515.2,11275.7,1.27E+11
09 May 2022,12917.8,13098.6,10905.7,10936.6,1.83E+11
08 May 2022,13341.5,13448.1,12712.2,12916.4,84476862464
07 May 2022,13744.3,13831.4,13064.7,13341.1,75711758336
06 May 2022,13855.2,14038.3,13363.2,13743.8,82668249088
05 May 2022,15130.9,15321.5,13550.2,13856.5,98177507328
04 May 2022,14023.8,15189.7,13985.5,15132.2,83364495360
03 May 2022,14202.4,14474,13823.1,14024.3,60660686848
02 May 2022,14280.5,14548.4,13835.6,14203.5,71335043072
01 May 2022,13762.6,14476.9,13629.4,14281.2,64405286912
30 April 2022,14619.9,14804.1,13621.9,13799.9,67920883712
29 April 2022,15288.7,15412.9,14464.6,14620.9,68930797568
28 April 2022,15213.9,15566.1,14970.8,15270.7,76689268736
27 April 2022,14877.3,15414.7,14809.2,15213.7,67685171200
26 April 2022,15978.7,16140.5,14751,14875.4,82267488256
25 April 2022,15655.7,16105.5,14916.3,15982.9,82160328704
24 April 2022,15807.2,15968.1,15585,15655,67221422080
23 April 2022,15973.4,16117.8,15707.5,15811.3,39348232192
22 April 2022,16071,16367.8,15788.5,15974.1,63228583936
21 April 2022,16535.7,17076.2,15873.8,16072.7,85974163456
20 April 2022,16757.7,17034.8,16354.2,16536.6,67848540160
19 April 2022,16400.9,16854,16244.6,16757.6,61785374720
18 April 2022,15943.5,16445.2,15401.5,16401.1,72477679616
17 April 2022,16422.6,16564.7,15892.6,15942.3,58368954368
16 April 2022,16361.3,16574.7,16166.1,16424.7,40277954560
15 April 2022,16122.9,16504.7,16014.4,16361.5,48726986752
14 April 2022,16573.6,16828.4,15920.6,16122.2,64635637760
13 April 2022,16184.2,16682.3,15937.1,16576.1,67170820096
12 April 2022,15684,16579.3,15599.8,16186.2,85602230272
11 April 2022,17019.1,17080.8,15531.2,15679.5,88576376832
10 April 2022,17357.1,17641.1,16963.5,17027.5,56818393088
09 April 2022,17051.7,17408.8,16938.7,17356.7,42499584000
08 April 2022,17756.1,18076.9,16950.6,17053.9,72895086592
07 April 2022,17272.9,17930.1,17075.8,17755.7,67296468992
06 April 2022,18739.3,18815,17229,17270.1,96069099520
05 April 2022,19190.6,19603,18601.3,18742,93525147648
04 April 2022,19387.6,19624.9,18515.8,19188.2,83830693888
03 April 2022,18940.6,19742.8,18735.5,19390.6,71430275072
02 April 2022,19027.2,19680.9,18776.7,18943.9,80464691200
01 April 2022,18489.1,19243.2,17914.6,19024.4,91921793024
31 March 2022,19020.1,19587.8,18289.6,18480.6,12004917248
30 March 2022,18918.8,19435.1,18469.5,19034.9,75980529664
29 March 2022,18488.6,19403.5,18432.2,18921.7,84819787776
28 March 2022,18552.9,19374.2,18303.6,18499.6,91444166656
27 March 2022,17656.7,18587.6,17487.8,18551.2,80490274816
26 March 2022,17378.2,17783.8,17222.8,17654.7,45475192832
25 March 2022,17629.5,17999.5,17161.7,17377.9,67780677632
24 March 2022,17139.9,17809.7,16948.2,17627.8,80810295296
23 March 2022,16660.7,17252.8,16421.9,17142.4,74259611648
22 March 2022,16238,17034.3,16128.7,16660,63676317696
21 March 2022,15995.6,16506.3,15799,16240,80769400832
20 March 2022,16460.4,16563.2,15843.2,15996.7,55610392576
19 March 2022,16140.6,16671.8,16036.2,16459.7,54211657728
18 March 2022,15743.2,16281.6,15400.4,16143.2,67163074560
17 March 2022,15767.8,16015.5,15534.9,15745.3,60041945088
16 March 2022,15021.7,15834,14867.9,15769.1,76362096640
15 March 2022,15027.6,15292.2,14539.7,15022.7,70251610112
14 March 2022,14562.8,15134.7,14428.8,15027.7,57211568128
13 March 2022,14960.4,15225.6,14476.2,14564.4,49899298816
12 March 2022,14944.1,15322.7,14886.8,14965.6,36769771520
11 March 2022,15204.2,15568.7,14692.8,14943.8,59990007808
10 March 2022,15933.9,16031.9,14857.4,15203.2,65791229952
09 March 2022,14929.1,16222.9,14912.2,15937.2,75474550784
08 March 2022,14662.2,15220.3,14565.5,14926.1,78558257152
07 March 2022,14923.3,15368,14336.1,14663.6,71791968256
06 March 2022,15595.8,15696,14875.2,14921.6,57673261056
05 March 2022,15245.9,15734.8,15008.1,15594.8,43096231936
04 March 2022,16431.3,16522.4,15103.6,15239.8,67642384384
03 March 2022,16922.2,17099.6,16122.2,16427.8,69519335424
02 March 2022,17069.9,17476.3,16624.5,16920.6,73708429312
01 March 2022,16807.2,17536.6,16472.4,17069.4,91799306240
28 February 2022,14989.1,16962,14766.4,16834.3,99816800256
27 February 2022,15700.1,16010.9,14761.6,14991.9,74168352768
26 February 2022,15654.9,16212.1,15420.8,15710.9,52594958336
25 February 2022,14869.6,15835.7,14602.7,15654.7,76853452800
24 February 2022,14765.8,15253.9,13090.7,14868.8,1.02E+11
23 February 2022,15061.9,15764.4,14687.9,14773.5,97279901696
22 February 2022,14463.1,15118.8,14101.2,15062,66006867968
21 February 2022,15321.7,15996.6,14419.8,14465.2,89646850048
20 February 2022,16131.1,16158.4,15091,15325.8,54419312640
19 February 2022,16095.6,16469.1,15777.3,16132.3,51601956864
18 February 2022,16351.8,16782.3,15898.6,16098.7,59524001792
17 February 2022,17759.2,17999.2,16230.9,16342.1,70980542464
16 February 2022,18007.1,18127.8,17359.9,17768.2,58958376960
15 February 2022,16839.1,18088.8,16785.3,18003.8,60163104768
14 February 2022,16720.3,17041.2,16297.5,16838.8,61346230272
13 February 2022,16862.4,17238.9,16486.1,16734.4,51937492992
12 February 2022,16804.6,17280.8,16429.2,16865.5,50744467456
11 February 2022,17803.8,18094.9,16580.7,16803.6,69620752384
10 February 2022,18561.9,18937.3,17686,17802.4,92168052736
09 February 2022,18229.6,18824.9,17799.2,18559,65090048000
08 February 2022,18470.6,19153.7,17582.6,18240.1,78984880128
07 February 2022,17555.2,18839.2,17236.5,18463.7,90977075200
06 February 2022,17014.4,17633.3,16784.4,17554.2,61935452160
05 February 2022,16770.6,17469,16585.8,17014.1,50629980160
04 February 2022,15313.5,16783.2,15223.4,16766.9,79091736576
03 February 2022,15148.5,15405.3,14749.3,15315.7,58588942336
02 February 2022,15983.4,16186.9,15042.9,15152.4,58550480896
01 February 2022,15691.6,16225.5,15517.5,15982,55678459904
31 January 2022,15261.3,15812,14663.3,15681.4,62228557824
30 January 2022,15555.7,15786.3,15004,15260.4,47627558912
29 January 2022,15252.7,15796.5,15123.4,15533.1,48639905792
28 January 2022,14965.9,15403.3,14507.9,15253.6,57979428864
27 January 2022,15117.5,15429.8,14290.8,14972.1,68586774528
26 January 2022,15230.6,16352,14778.1,15122.2,89045508096
25 January 2022,15020.5,15560.4,14492.9,15232.7,74891632640
24 January 2022,15485.6,15613.5,13440,15020.6,1.15E+11
23 January 2022,14658,15736.8,14502.2,15482.9,73674514432
22 January 2022,15819.4,16093.1,13711,14647.1,1.08E+11
21 January 2022,18156.3,18415.7,15457.9,15810.7,1.13E+11
20 January 2022,18868.3,19845.5,18110.7,18146,88834883584
19 January 2022,19452.8,19605.2,18563.5,18869.6,55862915072
18 January 2022,19756.8,20035,18886.7,19453.4,67097104384
17 January 2022,20520.6,20772,19301.6,19755.7,64788848640
16 January 2022,20295.3,20811.7,19983.5,20516.8,58896953344
15 January 2022,20160.7,20627.3,19890.3,20298.1,50244222976
14 January 2022,19672.4,20471.3,19332.4,20160.3,65295044608
13 January 2022,20432.3,20793.4,19479.2,19667.8,94042529792
12 January 2022,19416.9,20650.1,19268.4,20434,1.15E+11
11 January 2022,18510.7,19653.5,18292.7,19414.5,72193867776
10 January 2022,18959.6,19250.9,17595.8,18511.4,91061567488
09 January 2022,18615.5,19399,18381.4,18960.2,59784896512
08 January 2022,19076.6,19580.7,17997.6,18615.3,80798859264
07 January 2022,20247.2,20356.4,18686.7,19074.1,1.16E+11
06 January 2022,20310.9,20660.1,19430.3,20251.1,1.28E+11
05 January 2022,21588.8,22294.8,19457.5,20314.3,1.15E+11
04 January 2022,21836,22392.1,21340.8,21587.3,72391147520
03 January 2022,22079.7,22451,21282.7,21833.7,79199453184
02 January 2022,22013,22384.7,21599.6,22079.9,62605557760
01 January 2022,21237,22070.5,21199.2,22014.2,56010358784
31 December 2021,21466.7,22159.9,20798.3,21233.1,41900335104
30 December 2021,21060.7,21871.2,20635.2,21461.3,76635103232
29 December 2021,21629.2,22181.3,20745.9,21031.4,84288028672
28 December 2021,23293.9,23418.3,21394.3,21637.4,78844059648
27 December 2021,23435.2,24309.9,22977.7,23270.4,83745521664
26 December 2021,23050.2,23691.3,22521.9,23448.6,60644618240
25 December 2021,22711.9,23402.5,22459.6,23047.7,60377427968
24 December 2021,23064.8,23701.2,22336.2,22690.3,67073908736
23 December 2021,21685.9,23338.6,21377.6,23038.7,83572350976
22 December 2021,21383.3,22520,21116,21681.9,78485028864
21 December 2021,20497.6,21588.2,20290.6,21386,67661860864
20 December 2021,20590.3,21061.7,19614.4,20496.6,87282696192
19 December 2021,20733,21334.3,20328.2,20587.8,73588039680
18 December 2021,20114.8,20991.9,19692.3,20730.2,65926459392
17 December 2021,20448,20926.5,19418.4,20107.8,92795871232
16 December 2021,20998.7,21558.7,20341.2,20457.7,76329222144
15 December 2021,20297.9,21486,19293.7,20989.2,1.01E+11
14 December 2021,19450.7,20542.7,19124.1,19656.3,88367652864
13 December 2021,21489.4,21601.3,19029.9,19455.9,86773891072
12 December 2021,21259.8,21868.9,20732.2,21485.3,58898546688
11 December 2021,20342.6,21485.8,19965.3,21263.6,57106038784
10 December 2021,21111.1,22021.4,20175.4,20329.4,90754138112
09 December 2021,22787.6,23151.9,20921.2,21118,86964781056
08 December 2021,22152,23176.1,21474.4,22813.2,81335009280
07 December 2021,22144.7,23044.1,21641.8,22179.8,87517503488
06 December 2021,21529.7,22365.8,19816.4,22145.3,1.07E+11
05 December 2021,22033.6,22569.1,20587.7,21509.5,96180191232
04 December 2021,23993.3,24224.4,18007.9,22048.7,1.18E+11
03 December 2021,25185.2,26027.1,23247,23924,1.63E+11
02 December 2021,25324.2,25864.6,24439.4,25163.3,85271650304
01 December 2021,25186.1,26369.7,24716.3,25331.7,97981775872
30 November 2021,25005.4,26209.2,24260.6,25253.3,42948001792
29 November 2021,24302.4,25381.4,23987.4,25005.6,87999954944
28 November 2021,23624,24400.1,22435.9,24283.2,75324448768
27 November 2021,23156.6,24223.1,23028.8,23604.9,69899943936
26 November 2021,25622.8,25910,22563.1,23071.3,1.05E+11
25 November 2021,24589.6,26248.7,24375.1,24812,95801696256
24 November 2021,25357.4,25654.8,23961.6,24509.8,88170102784
23 November 2021,24643.4,25828.3,24168.9,25350.1,89099132928
22 November 2021,25605.2,25976.1,24223.4,24624.8,84771987456
21 November 2021,26017.9,26568.5,25186.3,25619,76988874752
20 November 2021,25363.1,26278.8,24796.5,26005.5,67182972928
19 November 2021,23874.4,25636.1,23463.3,25361.9,86356566016
18 November 2021,25724.1,26496.9,23264.4,23894.2,1.11E+11
17 November 2021,25499.3,26086.2,24653.1,25718.5,94098874368
16 November 2021,27607.2,27962.2,24512.4,25510.9,1.14E+11
15 November 2021,28195.5,28872.5,27400.3,27523.7,1.00E+11
14 November 2021,28128.8,28644.5,27344.9,28179.3,63422169088
13 November 2021,27749.8,28482.9,27269.3,28137,72079925248
12 November 2021,28226.3,28778.9,26788,27744.4,85444681728
11 November 2021,27789.1,28890,27301.6,28276.4,93481975808
10 November 2021,29003.6,30318.5,26260.2,27796,1.42E+11
09 November 2021,29213.2,30200.1,28372.9,29019.2,1.06E+11
08 November 2021,27970.4,29566.1,27629.6,29215.8,1.08E+11
07 November 2021,27504.1,28317.6,27188.9,27957.5,86230671360
06 November 2021,27241.2,27860.3,26285.5,27484.1,74353762304
05 November 2021,27210.9,28172.6,26461.1,27257.7,88484896768
04 November 2021,27536.4,28151.7,26327.9,27208.7,98682142720
03 November 2021,27202.6,28194,26221.9,27538.2,1.06E+11
02 November 2021,26411.2,27648.2,26024.6,27180.4,1.01E+11
01 November 2021,26116.4,27070.4,25289.8,26413.6,89864634368
31 October 2021,26032.8,26737.8,25159.4,26109.5,87828398080
30 October 2021,26494.6,26802.8,25448.1,26018.9,82023309312
29 October 2021,25778.4,26943.4,25492.7,26484.4,86124969984
28 October 2021,24186.8,26383.1,24027.2,25772.5,1.24E+11
27 October 2021,26085.6,26742.3,23601.4,24194.5,1.31E+11
26 October 2021,26478.6,27242.8,25674.6,26086.9,95998173184
25 October 2021,25621.9,26830.7,25447.2,26485.6,78868611072
24 October 2021,25984.3,26307.4,24861,25648.3,76017221632
23 October 2021,25451.9,26241.1,25114.7,25985.3,62294020096
22 October 2021,25478.2,26596.4,24948.3,25442.1,86240419840
21 October 2021,26316.6,27131.9,25179,25466,1.10E+11
20 October 2021,25064.5,26604.7,24785.6,26282.9,1.08E+11
19 October 2021,24625.3,25364.4,24323.9,25070.3,76639240192
18 October 2021,24735.9,25272.3,24047.4,24621.9,87221084160
17 October 2021,24847.3,25303.4,23752.2,24727.1,74469867520
16 October 2021,25012.6,25732.1,24542.1,24850.1,74116259840
15 October 2021,24216,25516.4,23638.5,24992,1.02E+11
14 October 2021,23976.9,24810.9,23694.3,24189.8,93961633792
13 October 2021,23236.5,24283.2,22541,23988.1,94533435392
12 October 2021,23501.2,23796.9,22166.8,23235.1,94327234560
11 October 2021,23070.3,24194.4,22622,23492,85890375680
10 October 2021,24056.7,24441.6,22934,23099.4,84017930240
09 October 2021,23562.1,24500.2,23368.7,24051.3,82313338880
08 October 2021,23730.6,24563.8,23323.5,23583.7,81616044032
07 October 2021,23790.6,24520.1,23036.9,23734.9,87553581056
06 October 2021,23525.3,24485.3,22269.3,23804,1.13E+11
05 October 2021,22814.7,23937.1,22525.6,23526.7,86674153472
04 October 2021,22952.2,23371.2,21930.6,22792.5,83857571840
03 October 2021,22623.7,23483.3,22289.3,22946.1,72606957568
02 October 2021,22396.3,23309.6,21927.7,22644.6,86216548352
01 October 2021,20500.1,22647.5,20229.2,22400.3,82786557952
30 September 2021,19842.1,20950.8,19738.1,20730.9,72615313408
29 September 2021,19121.5,20255.8,18977.1,19606.1,78362632192
28 September 2021,19732.3,20153.9,18982.8,19101.6,75229306880
27 September 2021,20348.9,21101.6,19672.7,19752.4,81862156288
26 September 2021,20226.6,20842.8,18846,20318.2,95074967552
25 September 2021,20353.1,20777.5,19708,20221.9,83158794240
24 September 2021,21786.4,21912.4,19132.2,20356.9,1.13E+11
23 September 2021,21305.8,21964,20824.1,21790.5,79900975104
22 September 2021,19103.2,21484.7,18955.8,21311.5,98682888192
21 September 2021,20293,21140.7,18616.7,19115.8,1.21E+11
20 September 2021,22934.5,22988.9,19852.9,20181.4,1.31E+11
19 September 2021,23639.5,23864.4,22644.7,22928.6,80844537856
18 September 2021,23129.6,24214.7,22833.7,23649,73595748352
17 September 2021,23852.6,24289,22700.7,23129.5,86430072832
16 September 2021,24268.3,24724.2,23233,23862,89558933504
15 September 2021,23545.3,24597.9,23174.7,24278.9,91566759936
14 September 2021,22731.5,23863.4,22281.5,23535.4,95079006208
13 September 2021,23721.6,24191.6,21626.4,22716.7,1.21E+11
12 September 2021,22956.4,24217.1,22492.5,23720.6,98928525312
11 September 2021,22497.7,23719.9,22336.8,22942.5,92248317952
10 September 2021,23633.9,24566.8,21943,22507.6,1.14E+11
09 September 2021,23286.1,24700.2,22577,23641.8,1.12E+11
08 September 2021,23161.7,24261.5,21359.1,23401.1,1.51E+11
07 September 2021,27051.5,27590.6,20334.2,23143.1,2.15E+11
06 September 2021,26745,27716.2,25957.7,27048,1.27E+11
05 September 2021,25642.6,26987.9,25289.3,26737.9,1.03E+11
04 September 2021,25504,26367.1,24961.5,25652.8,1.03E+11
03 September 2021,24789,26095,24289.3,25520.6,1.19E+11
02 September 2021,24634.6,25550.8,24205.9,24810.1,1.13E+11
01 September 2021,23269.6,24828.4,22828.8,24650.1,1.21E+11
31 August 2021,22886.8,24474.6,22551.8,23645.1,1.13E+11
30 August 2021,23560.5,24100,22499,22884.3,91227045888
29 August 2021,23520.5,24123.4,22891.7,23481.7,73988087808
28 August 2021,23729.2,24044.3,23071.8,23508.8,81105444864
27 August 2021,22052.7,23773.6,21688.8,23710.5,88865030144
26 August 2021,23386.4,23732.9,21699.9,22076.5,90917568512
25 August 2021,22771.9,23623.5,22200.1,23352.8,96649363456
24 August 2021,24336.8,24625.8,22431.5,22756.2,95698984960
23 August 2021,23656.7,24882.4,23507.7,24315,98228002816
22 August 2021,23370.1,24096.3,22818.7,23670.2,89202401280
21 August 2021,23782.1,24217.2,23058.9,23363.2,87144013824
20 August 2021,22795.4,24040.6,22532.1,23780.8,1.02E+11
19 August 2021,21413.7,22901.7,20870.3,22788,1.03E+11
18 August 2021,21134.4,22293.8,20531,21448.7,95057715200
17 August 2021,22235.9,23319.2,20920.8,21145.4,1.11E+11
16 August 2021,22821.3,23759.4,21838,22300,1.09E+11
15 August 2021,22310.8,23148.9,21432.3,22837.2,1.10E+11
14 August 2021,22123.1,22817.6,21375.7,22302,1.06E+11
13 August 2021,20284.4,22171.9,20144,22120.6,97575305216
12 August 2021,20807.1,21603.6,19636.9,20249.1,95856771072
11 August 2021,20100.8,21726.4,19978.1,20818.9,1.15E+11
10 August 2021,19828.5,20595,19278.7,20093.1,1.03E+11
09 August 2021,18815.7,20120.2,18250.4,19858.2,99763699712
08 August 2021,19713.3,20068.9,18539,18818.8,91587428352
07 August 2021,18396.1,19964.4,18235.4,19690.4,1.17E+11
06 August 2021,17820.4,18703,17395.4,18385.2,94778671104
05 August 2021,17395.2,17982.3,16585.7,17814.5,94603599872
04 August 2021,16658.6,17609.2,16347.1,17392.6,71748444160
03 August 2021,17002.5,17297.1,16237.9,16621.2,63962755072
02 August 2021,16981.3,17533.9,16605.4,17011,70881624064
01 August 2021,17261.9,18088.9,16710.7,17004.3,75267440640
31 July 2021,17367.5,17819.7,16993.7,17576.8,68480401408
30 July 2021,16801.3,17482.3,16189.7,17383.8,79184052224
29 July 2021,16524,17000,16187.9,16773.6,65745915904
28 July 2021,16325.8,16925.3,15965.1,16499,78387658752
27 July 2021,15742.3,16472.4,15241.4,16297.1,85299240960
26 July 2021,15339.6,17299.6,15202.1,15768.2,97302994944
25 July 2021,15141.2,15486,14662.2,15330.4,87661387776
24 July 2021,14802.6,15387.2,14629.3,15148.3,55849861120
23 July 2021,14294.5,14879.2,13929,14806.6,57989500928
22 July 2021,14013.5,14483.3,13727,14294.6,57873940480
21 July 2021,12685.7,14403.1,12485.8,13990.8,74229555200
20 July 2021,13249.2,13404.1,12306.8,12697.5,58663489536
19 July 2021,13938.9,14042.1,13134.8,13234.5,60261523456
18 July 2021,13877.9,14409.4,13735,13951.4,43835174912
17 July 2021,13790.1,14196.3,13572,13870.4,51140239360
16 July 2021,14298.4,14594.6,13685.3,13808.9,54882430976
15 July 2021,14843.1,15109.5,13993.4,14272.9,57580539904
14 July 2021,14828.8,15117.9,14065.1,14835.5,54567448576
13 July 2021,15253.9,15394.3,14614.8,14821.4,55420751872
12 July 2021,15793.4,16084.8,14996.1,15267.7,59043180544
11 July 2021,15533,16004.5,15367.7,15787.3,53716041728
10 July 2021,15794.8,16082.1,15298.5,15538.5,51709497344
09 July 2021,15417.5,16029,14921.8,15786,71106732032
08 July 2021,16362.1,16418.8,15149.2,15439.3,72725807104
07 July 2021,16432.9,17021.1,16182,16342.9,71127777280
06 July 2021,15916.3,16794.1,15854.9,16440.2,75701985280
05 July 2021,16643.8,16677.7,15608.4,15926.1,67534254080
04 July 2021,16279.1,17079.3,15999.5,16643.1,65402081280
03 July 2021,15869.4,16491.3,15607.1,16281.5,66407022592
02 July 2021,15716,16009.9,15133.9,15880.1,59713228800
01 July 2021,16641.3,16686.2,15400.6,15741.9,81279893504
30 June 2021,16837.8,17198.9,15805.2,16876.6,85375795200
29 June 2021,16103.7,17445.8,16011.7,16794.5,88887107584
28 June 2021,15837.3,16506.8,15486.4,16080.4,83631489024
27 June 2021,14900.2,15858.1,14635.6,15817.7,71954219008
26 June 2021,14674.6,15168.4,13953.7,14868.9,84582768640
25 June 2021,16140.2,16575.7,14484.3,14703.6,90117791744
24 June 2021,15501.8,16534.3,14815,16137.1,78101135360
23 June 2021,14310.5,16651.6,13837,15476.7,89288728576
22 June 2021,14411.8,15487.5,12641.2,14294.5,1.52E+11
21 June 2021,17799.5,17890.4,14248.1,14434.2,1.26E+11
20 June 2021,17620.7,18081.2,16395.2,17826.5,92845326336
19 June 2021,18026.3,18387,17494.1,17670.2,63512293376
18 June 2021,19131.4,19245.3,17465.1,17995.6,83162767360
17 June 2021,19053.9,19806.5,18682,19113.5,77230489600
16 June 2021,19986.5,20208.7,18836.1,19046.5,88063885312
15 June 2021,20303,20758.9,19702.5,20390,85833080832
14 June 2021,19646.9,20593.3,19600.1,20303.9,1.02E+11
13 June 2021,18358.2,19880.1,17845.5,19668.2,94700068864
12 June 2021,18642.6,18965.9,17541.8,18351.7,78957477888
11 June 2021,19330.5,19711.7,18257.4,18637.4,92289597440
10 June 2021,20261.9,20571.5,18932,19324.1,98124980224
09 June 2021,18954.4,20413,18080.2,20240.7,1.18E+11
08 June 2021,19071.5,19521.3,17209.1,19010.4,1.25E+11
07 June 2021,20660.4,21454.1,18944.1,19038.3,1.16E+11
06 June 2021,20333.3,21001.7,20133.6,20667.7,78420631552
05 June 2021,20900.2,21943.2,19767,20338.5,99054231552
04 June 2021,22475.9,22643.8,19847.1,20898.8,1.04E+11
03 June 2021,21344.4,23018.2,20905.8,22449.5,1.17E+11
02 June 2021,20379.3,21979.9,19890.5,21330.9,1.09E+11
01 June 2021,20571.8,21224.3,19468.8,20374.6,99964780544
31 May 2021,19114.1,21043.4,18293.3,20967.6,1.08E+11
30 May 2021,18265.9,19807,17432.1,19128.7,89932161024
29 May 2021,19265.3,20237.8,17487.5,18265,1.26E+11
28 May 2021,21247.8,21661.1,18483.7,19277.5,1.45E+11
27 May 2021,22122.7,22549.1,20279.3,21177.8,1.19E+11
26 May 2021,20514.4,22704.1,20142.7,22122,1.42E+11
25 May 2021,20671.9,21666.6,18735.8,20507.1,1.69E+11
24 May 2021,16889.1,21007,16576.6,20630.3,1.93E+11
23 May 2021,19073.6,19830.4,14051.5,16963.8,2.32E+11
22 May 2021,20214.8,20718.1,17929.2,19061.4,1.35E+11
21 May 2021,23099.1,24318.2,17619.7,20180.8,2.18E+11
20 May 2021,20018.4,24778.6,18040.4,23193.7,2.09E+11
19 May 2021,28610.5,29806.7,15661.4,20193.8,3.78E+11
18 May 2021,27902.2,30297.6,27404.7,28581.7,2.02E+11
17 May 2021,30023.7,30417.6,26381.5,27950.4,1.86E+11
16 May 2021,29926,32544.1,27895.6,30062.6,2.30E+11
15 May 2021,31837.8,33106.6,29293.1,29930.1,1.95E+11
14 May 2021,30082.9,32857.6,29475.8,31842.2,1.80E+11
13 May 2021,28975.4,31762.4,26925.6,30085,2.57E+11
12 May 2021,33358.8,34786.9,28564.6,28576.2,2.87E+11
11 May 2021,31183.4,33662,30228.4,33336.6,2.11E+11
10 May 2021,33472.1,34993,29260.3,31196.7,2.43E+11
09 May 2021,33402.4,34645.2,31071.6,33483.9,2.22E+11
08 May 2021,32802.2,34658.8,31812.8,33384.3,2.14E+11
07 May 2021,32615.3,34876.5,30898.4,32819.8,2.03E+11
06 May 2021,32570.4,34293.7,30795.4,32591.8,2.58E+11
05 May 2021,28858.6,33068.6,28555.6,32580.5,2.43E+11
04 May 2021,30497.4,31634.2,27785.1,28941.1,2.57E+11
03 May 2021,29056.6,31342.3,28830.6,30500.8,1.82E+11
02 May 2021,29535.6,29962.2,28288,29073.9,1.13E+11
01 May 2021,28828.9,29968.3,28263.9,29539.3,1.19E+11
30 April 2021,27671.7,29667.4,27255.8,29379.7,1.38E+11
29 April 2021,27978.4,28614.7,26715.9,27671.2,1.30E+11
28 April 2021,27596.8,29009.2,26220.6,27981.9,1.31E+11
27 April 2021,26646.9,28206.2,26125.6,27588.7,1.37E+11
26 April 2021,23876,27010.4,23597,26623.3,1.44E+11
25 April 2021,23765.2,25237.7,22320.7,23830.1,1.61E+11
24 April 2021,24864.9,25553.5,22857.4,23755.4,1.03E+11
23 April 2021,25005.1,25692.2,20821.5,24823.4,1.85E+11
22 April 2021,26484.3,28288.3,24184.4,25027.5,2.64E+11
21 April 2021,27665.7,28786.1,25992.8,26552.7,1.80E+11
20 April 2021,27140.5,28970.6,24448.2,27673.4,2.01E+11
19 April 2021,27504.8,29619.2,25570.5,27187.7,2.21E+11
18 April 2021,29084.1,30117.7,23551.6,27490.5,2.28E+11
17 April 2021,30191.6,32064.1,28246.6,29067.1,2.70E+11
16 April 2021,28927.4,32515.4,26563.8,30244.1,2.76E+11
15 April 2021,27917.8,29696.5,27144.7,28970.4,2.15E+11
14 April 2021,27115.9,29211.4,25842.7,27937.9,2.21E+11
13 April 2021,25318.4,27849.5,24721.4,27101.6,2.26E+11
12 April 2021,25069.9,26281,24208.2,25332.7,1.50E+11
11 April 2021,24573.8,25796.2,23997.8,25081.4,1.34E+11
10 April 2021,23349.7,25316.6,23004,24569.7,1.43E+11
09 April 2021,23359.3,24040.4,22766.7,23353.5,1.27E+11
08 April 2021,21984.9,23527.2,21776.7,23357.8,1.19E+11
07 April 2021,23720.8,24257.9,21257.1,21959.2,1.94E+11
06 April 2021,23285.6,24585.4,22241.3,23717.7,2.10E+11
05 April 2021,22408,24106.3,21715.7,23269.7,1.78E+11
04 April 2021,21250.8,22666.3,21026.7,22411.5,1.45E+11
03 April 2021,22016.9,22928.1,20983.9,21251.8,1.58E+11
02 April 2021,21260.3,22537.4,20908,22014.3,1.43E+11
01 April 2021,20861,21929.8,20541.3,21267.5,1.63E+11
31 March 2021,20641.7,21727.8,19874.1,21192.3,1.63E+11
30 March 2021,20203.6,20963.6,19913.6,20640.5,1.15E+11
29 March 2021,19484.8,20529.2,19270.4,20202.8,1.14E+11
28 March 2021,19387.2,19912,18982.8,19487.7,93248905216
27 March 2021,19390.7,19883,18797.2,19390,96585891840
26 March 2021,18031.4,19597.2,17889.6,19393.6,1.14E+11
25 March 2021,18045.2,18628.2,17293.9,18026,1.23E+11
24 March 2021,19046.9,20113,17652.4,18067.6,1.63E+11
23 March 2021,18849.4,19876.5,18415.4,19050.8,1.14E+11
22 March 2021,19566,20260.8,18589.2,18858.8,1.35E+11
21 March 2021,19660.6,20088.5,18985,19562.1,98037366784
20 March 2021,19688.8,20587.8,19388.6,19658.2,1.20E+11
19 March 2021,19285.8,20169.6,18851.6,19687.2,1.03E+11
18 March 2021,19630.6,20268.8,18517.8,19291.6,1.23E+11
17 March 2021,18790.5,19818.5,18199.7,19631,1.31E+11
16 March 2021,18233.6,19076,17469.9,18784.3,1.18E+11
15 March 2021,18917.2,19473.9,17814.2,18245.1,1.65E+11
14 March 2021,19565.9,19836.1,18782.8,18933,1.05E+11
13 March 2021,18491,19934.4,17953,19571.2,1.29E+11
12 March 2021,19008.3,19318.2,17818.8,18489.4,1.19E+11
11 March 2021,18680.4,19426.5,18068.7,19000.9,1.16E+11
10 March 2021,18988.9,19485.8,18002.5,18698.9,1.16E+11
09 March 2021,18092.5,19139.6,17867.4,18991.7,1.17E+11
08 March 2021,17620.6,18258.9,17044.5,18088,1.20E+11
07 March 2021,16937.4,17775,16820.3,17623.6,1.07E+11
06 March 2021,16738.6,17169.6,16223.4,16936,93289119744
05 March 2021,16824.9,17085.6,15847.3,16750,96224272384
04 March 2021,17337.9,17954.9,16296.4,16833,1.24E+11
03 March 2021,16678.5,18081.5,16576.5,17345.6,1.30E+11
02 March 2021,16933.8,17523.1,16073,16679.1,1.19E+11
01 March 2021,15558,17069.2,15443.2,16937.7,1.28E+11
28 February 2021,16119.3,16353.5,14564.5,15546,1.24E+11
27 February 2021,16065.9,17247.9,15854.5,16399.3,1.29E+11
26 February 2021,16070.3,16903.8,14968.2,16023.5,1.41E+11
25 February 2021,17077.4,17926,15929.3,16031.3,1.55E+11
24 February 2021,16534.8,18075.4,15771.3,17079.6,1.39E+11
23 February 2021,18930.2,19109.8,14294.7,16526.4,2.46E+11
22 February 2021,19906.8,20521.8,16175.6,18935.2,2.39E+11
21 February 2021,19195.8,20452.4,18848.2,19903.5,1.46E+11
20 February 2021,19743.4,21024.9,17977.4,19222.1,1.72E+11
19 February 2021,17705,20044.9,17244.8,19741.7,1.70E+11
18 February 2021,17325,18173.4,16974.8,17702.2,1.41E+11
17 February 2021,16327.9,17612.8,15859.4,17326.7,1.92E+11
16 February 2021,16156.3,16989.1,15639.7,16327.1,1.99E+11
15 February 2021,16443.7,17071.9,14727.9,16160.4,1.97E+11
14 February 2021,16634,17289.3,15863.7,16457.4,2.17E+11
13 February 2021,16201.2,17187.2,15463.7,16630,2.21E+11
12 February 2021,15427.8,16597.8,14979.7,16205.7,1.99E+11
11 February 2021,14687.9,15786.5,14315,15439.7,2.09E+11
10 February 2021,14346.6,15524.3,13647.6,14695.9,2.13E+11
09 February 2021,13591.5,14779.7,13312.6,14350.3,2.17E+11
08 February 2021,12237.4,13773.3,11969.3,13594.6,2.51E+11
07 February 2021,12328.3,12694.5,11547.8,12241.4,1.62E+11
06 February 2021,12240.3,12891.8,11823.1,12328.2,1.61E+11
05 February 2021,11404.2,12419.9,11336,12244,1.77E+11
04 February 2021,11606.2,11993.1,11045.2,11404.5,1.68E+11
03 February 2021,10950.4,11694.9,10879.4,11605.4,1.60E+11
02 February 2021,10489.8,11201,10312.8,10952.4,1.61E+11
01 February 2021,10219.3,11165.3,9829.57,10489.3,1.69E+11
31 January 2021,10476.5,10711,9877.11,10218.2,1.58E+11
30 January 2021,10405.7,10992.7,10043.1,10704.3,1.50E+11
29 January 2021,10270,11121.6,9761.14,10304.4,2.19E+11
28 January 2021,9357.96,9873.25,9199.76,9749.54,1.58E+11
27 January 2021,10043.3,10105.9,9059.01,9360.43,1.51E+11
26 January 2021,9941.11,10214,9499.38,10042.5,1.33E+11
25 January 2021,10148.1,10702,9824.81,9944.53,1.42E+11
24 January 2021,9852.26,10363.6,9614.91,10150.9,1.40E+11
23 January 2021,9803.06,10175.3,9500.5,9852.02,1.18E+11
22 January 2021,9100.88,10081.2,8537.36,9810.43,1.35E+11
21 January 2021,10594.4,10628,8930.28,9107.73,2.07E+11
20 January 2021,10566.7,10821.4,9766.11,10592.1,1.57E+11
19 January 2021,10557,11191.4,10327.9,10574.6,1.49E+11
18 January 2021,10319.2,10799.3,9999.87,10554.7,1.39E+11
17 January 2021,10267.6,10654,9762.35,10316.9,1.25E+11
16 January 2021,9954.6,10795.6,9743.64,10271,1.48E+11
15 January 2021,10318.9,10644.6,9269.03,9957,1.59E+11
14 January 2021,9866.25,10565.9,9606.05,10315,1.49E+11
13 January 2021,9013.98,9955.7,8707.13,9867.27,1.38E+11
12 January 2021,9254.56,9761.47,8691.28,9014.23,1.67E+11
11 January 2021,10388.9,10400.1,8014.07,9264.21,2.41E+11
10 January 2021,10675,11306.2,9663.5,10392.1,2.37E+11
09 January 2021,10174.2,10977.5,9793.53,10674.3,1.74E+11
08 January 2021,10154,10609,9259.69,10176.8,1.75E+11
07 January 2021,9950.18,10822.1,9525.84,10152.1,2.08E+11
06 January 2021,8948.75,10149.3,8775.89,9944.13,1.95E+11
05 January 2021,8528.79,9172.25,8098.12,8943.83,1.71E+11
04 January 2021,8491.54,9183.17,7742.69,8525.82,1.87E+11
03 January 2021,7867.11,8811.17,7742.43,8481,2.16E+11
02 January 2021,7520.89,8155.09,7326.27,7866.09,1.46E+11
01 January 2021,7496.2,7822.76,7306.23,7519.95,86427131904
31 December 2020,7414.64,7651.03,7177.9,7496.94,90546823168
30 December 2020,7500.91,7778.5,7296.25,7605.17,93138706432
29 December 2020,7493.98,7674.15,7021.19,7501.8,1.13E+11
28 December 2020,7142.28,7653.98,6857.01,7161.1,1.17E+11
27 December 2020,7142.28,7653.98,6857.01,7161.1,1.44E+11
26 December 2020,6926.87,7326.55,6769.93,7141.45,1.17E+11
25 December 2020,6751.77,7095.58,6583.82,6924.75,1.10E+11
24 December 2020,6315.6,6812.93,6140.92,6752.63,94268981248
23 December 2020,7010.9,7111,6027.06,6312.55,1.31E+11
22 December 2020,6846.42,7112.83,6559.61,7011.91,1.10E+11
21 December 2020,7183.42,7390.02,6684.56,6850.82,1.22E+11
20 December 2020,7299.55,7477.97,7010.14,7182.61,96743636992
19 December 2020,7179.31,7460.94,7078.4,7301.34,92405415936
18 December 2020,7066.67,7300.8,6907.25,7180.61,89248358400
17 December 2020,6890.84,7462.02,6769.08,7066.11,1.41E+11
16 December 2020,6347.47,6917.52,6232.99,6890.97,1.25E+11
15 December 2020,6337.37,6472.71,6224.4,6347.39,58561941504
14 December 2020,6342.32,6413.72,6209.03,6337.37,57401946112
13 December 2020,6168.79,6451.62,6109.86,6341.17,56906858496
12 December 2020,5955.91,6253.92,5904.42,6167.74,54895423488
11 December 2020,6075.89,6109.48,5809.39,5958.21,59391623168
10 December 2020,6224.09,6257.32,5981.34,6076.35,66153668608
09 December 2020,6103.33,6297.13,5830.64,6224.07,72680153088
08 December 2020,6470.18,6522.65,6039.89,6104.35,83302301696
07 December 2020,6547.08,6611.22,6362.17,6470.3,62124249088
06 December 2020,6509.24,6621.25,6349.54,6547.6,63321665536
05 December 2020,6266.91,6553.2,6196.92,6509.51,65538633728
04 December 2020,6660.22,6771.38,6202.01,6267.95,88323350528
03 December 2020,6567.19,6741.46,6452.46,6659.6,77267075072
02 December 2020,6394.19,6630.88,6268.5,6565.64,88428789760
01 December 2020,6748.96,6899.9,6220.79,6394.38,1.32E+11
30 November 2020,6327.62,6807.17,6270.84,6746.8,
29 November 2020,6270.79,6498.38,6133.79,6407.27,93808754688
28 November 2020,5997.99,6427.53,5889.04,6283.22,94194884608
27 November 2020,5926.4,6178.1,5680.5,5996.27,89496403968
26 November 2020,6633.68,6748.78,5476.46,5923.25,1.37E+11
25 November 2020,6955.69,7216.84,6455.28,6635.74,1.42E+11
24 November 2020,6554.73,7265.55,6412.09,6956.1,1.52E+11
23 November 2020,6037.28,6630.64,5943.23,6554.24,1.49E+11
22 November 2020,6182.98,6356.16,5722.45,6037.29,1.21E+11
21 November 2020,5704.23,6262.32,5628.08,6182.98,1.20E+11
20 November 2020,5438.28,5781.68,5409.2,5704.23,92918652928
19 November 2020,5424.29,5558.9,5261.9,5438.29,80131039232
18 November 2020,5458.89,5614.45,5240.69,5424.32,81264926720
17 November 2020,5240.63,5512.58,5195.41,5458.99,99615956992
16 November 2020,4992.84,5243.77,4954.37,5189.27,68884570112
15 November 2020,5077.32,5120.68,4918.81,4992.83,57616969728
14 November 2020,5162.03,5194.64,4979.79,5077.32,54736637952
13 November 2020,5047.12,5202.96,4988.4,5161.99,65138900992
12 November 2020,5012.12,5129.06,4909.61,5047.12,68724473856
11 November 2020,4960.6,5128.98,4929.11,5012.14,62970806272
10 November 2020,4925.78,5049.01,4857.62,4960.63,61226004480
09 November 2020,5001.6,5076.71,4794.31,4925.71,69423767552
08 November 2020,4808.32,5066.17,4765.91,5001.56,57852190720
07 November 2020,5023.11,5197.38,4692.67,4808.21,75125342208
06 November 2020,4780.21,5087.27,4730.05,5023.07,77189431296
05 November 2020,4526.36,4835.45,4476.92,4780.26,75895439360
04 November 2020,4505,4588.37,4349.17,4526.32,72526069760
03 November 2020,4503.73,4579.11,4327.22,4504.53,60872253440
02 November 2020,4611.82,4682.24,4552.31,4643,66113806336
01 November 2020,4611.82,4682.24,4552.31,4643,56207802368
31 October 2020,4566.57,4699.58,4523.88,4612.08,53097816064
30 October 2020,4651.92,4725.26,4474.09,4614.52,60466040832
29 October 2020,4692.52,4771.6,4542.17,4648.99,69786927104
28 October 2020,4858.41,4928.83,4594.55,4692.52,66863722496
27 October 2020,4720.39,4895.24,4685.93,4816.23,73026871296
26 October 2020,4823.79,4917.16,4649.91,4763.98,68632956928
25 October 2020,4884.78,4954.48,4769.55,4823.79,52240146432
24 October 2020,4809.45,4923.5,4773.72,4884.78,60995915776
23 October 2020,4824.87,4893.01,4703.76,4809.44,61274566656
22 October 2020,4689.67,4917.43,4665.93,4821.59,78609801216
21 October 2020,4445.43,4810.65,4426.33,4694.96,81091731456
20 October 2020,4550.35,4614.14,4397.92,4445.95,75795382272
19 October 2020,4538.15,4633.28,4445.54,4552.19,54694002688
18 October 2020,4475.04,4564.68,4447.99,4533.84,46387752960
17 October 2020,4455.57,4517.02,4407.67,4475.61,48087699456
16 October 2020,4597.89,4639.95,4393.06,4453.27,54018985984
15 October 2020,4607.7,4660.8,4517.1,4594.76,66026270720
14 October 2020,4659.33,4723.99,4511.05,4610.68,60596363264
13 October 2020,4695.04,4748.73,4584.21,4655.13,53559439360
12 October 2020,4627.93,4784.14,4542.4,4698.15,68960452608
11 October 2020,4558.51,4684.56,4527.32,4629.29,53258756096
10 October 2020,4497.27,4677.99,4484.84,4559.3,52976308224
09 October 2020,4391.55,4545.75,4348.81,4504.17,65421246464
08 October 2020,4304.64,4425.08,4197.76,4391.01,69270118400
07 October 2020,4265.32,4333.73,4184.52,4303.97,85331632128
06 October 2020,4413.1,4477.79,4217.74,4265.47,86859153408
05 October 2020,4388.73,4460.06,4335.65,4414.23,76513509376
04 October 2020,4317.61,4423.53,4266.17,4388.5,84891525120
03 October 2020,4311.35,4385.99,4269.72,4317.37,84957511680
02 October 2020,4407.91,4447.7,4187.63,4311,91726716928
01 October 2020,4482.26,4602.28,4325.71,4407.87,58401103872
30 September 2020,4492.8,4543.39,4381.23,4482.03,45922295808
29 September 2020,4411.3,4512.15,4349.71,4478.04,44257964032
28 September 2020,4443.2,4567.19,4383.45,4412.88,48293658624
27 September 2020,4414.08,4514.62,4323.32,4443.38,43126530048
26 September 2020,4370.11,4481.98,4316.45,4414.92,44660195328
25 September 2020,4300.66,4433.18,4209.61,4367.6,48552009728
24 September 2020,4036.22,4326.15,4008.35,4300.34,50669998080
23 September 2020,4232.6,4287.43,4000.11,4036.38,49251139584
22 September 2020,4160.82,4270.95,4103.89,4231.6,47334719488
21 September 2020,4470.79,4523.6,4097.63,4162.45,67644006400
20 September 2020,4602.33,4635.38,4375.32,4469.51,54708760576
19 September 2020,4572.49,4666.9,4510.14,4601.47,49910784000
18 September 2020,4602.58,4692.34,4478.4,4574.77,56902889472
17 September 2020,4518.22,4688.18,4441.49,4601.88,63741030400
16 September 2020,4503.07,4626.61,4387.42,4517.95,76600819712
15 September 2020,4606.51,4710.44,4452.88,4502.6,77563994112
14 September 2020,4512.67,4719.76,4422.04,4607.12,82191523840
13 September 2020,4638.89,4732.46,4408.04,4512.68,1.65E+11
12 September 2020,4571.74,4698.17,4482.39,4637.43,1.14E+11
11 September 2020,4517.01,4616.01,4356.93,4570.96,1.89E+11
10 September 2020,4440.26,4630.78,4415.08,4516.03,1.98E+11
09 September 2020,4360.59,4520.75,4272.67,4439.28,70278193152
08 September 2020,4449.29,4529.94,4222.48,4359.49,71167311872
07 September 2020,4418.15,4515.32,4151.81,4447.86,73391472640
06 September 2020,4251.81,4500.15,4112.41,4417.73,82390220800
05 September 2020,4590.18,4679.81,4081.7,4252.07,1.10E+11
04 September 2020,4464.66,4761.14,4325.92,4589.95,72027996160
03 September 2020,5132.25,5246.98,4369.16,4469.22,80297295872
02 September 2020,5462.21,5523.33,4976.89,5130.65,68443795456
01 September 2020,5230.21,5568.24,5168.02,5462.37,64009338880
31 August 2020,5239.9,5350.88,5132.74,5232.72,58677174272
30 August 2020,5105.55,5317.91,5064.37,5238.74,46670876672
29 August 2020,5001.7,5188.84,4950.54,5115.39,43805052928
28 August 2020,4851.24,5045.93,4815.17,5001.52,40157585408
27 August 2020,4986.72,5050.48,4744.98,4850.84,49284276224
26 August 2020,4941.87,5072.9,4862.4,4989.32,44871880704
25 August 2020,5198.23,5240.22,4818.48,4943.93,55739801600
24 August 2020,5121.53,5285.6,5046.55,5198.57,44028559360
23 August 2020,5111.31,5208.52,4966.58,5120.75,41935929344
22 August 2020,4956.91,5134.51,4855.06,5114.91,40953909248
21 August 2020,5230.56,5376.89,4920.83,4958.46,56707112960
20 August 2020,5086.49,5271.8,5042.46,5231.61,47307214848
19 August 2020,5283.95,5361.07,4974.18,5085.43,51954040832
18 August 2020,5419.1,5533.83,5210.29,5284.92,62498893824
17 August 2020,5384.64,5603.48,5241.1,5420.43,66179989504
16 August 2020,5300.49,5447.09,5185.85,5383.93,52194279424
15 August 2020,5203.44,5403.74,5139.93,5299.53,54436642816
14 August 2020,5197.02,5369.73,5095.38,5204.06,55322877952
13 August 2020,5049.38,5286.07,4843.71,5197.81,67835932672
12 August 2020,4855.8,5130.81,4696.5,5048.36,54890057728
11 August 2020,5093.73,5161.19,4710.02,4855.46,59771121664
10 August 2020,4989.93,5184.88,4937.83,5091.74,55651942400
09 August 2020,4961.84,5101.28,4844.32,4989.48,57856872448
08 August 2020,4814.7,5019.85,4770.06,4957.58,42898817024
07 August 2020,4919.38,5013.84,4669,4812.94,56068448256
06 August 2020,4883.03,5011.17,4802.2,4919.04,51149611008
05 August 2020,4763.26,4941.4,4705.42,4883.77,52077441024
04 August 2020,4736.54,4878.4,4650.6,4762.16,49040228352
03 August 2020,4576.22,4835.09,4546.47,4736.89,50846519296
02 August 2020,4844.54,5053.06,4454.2,4575.73,70082183168
01 August 2020,4537.93,4881.55,4504.63,4842.04,64309039104
31 July 2020,4436.31,4581.62,4380.47,4537.57,51113435136
30 July 2020,4374.42,4486.26,4304.65,4436.12,48211050496
29 July 2020,4345.64,4491.22,4290.09,4370.56,50939011072
28 July 2020,4298.21,4451.84,4176.52,4345.34,56713510912
27 July 2020,4133.06,4436.35,4001.79,4292.04,70320070656
26 July 2020,4110.62,4254.4,4048.82,4133.77,50430861312
25 July 2020,3935.83,4140.01,3929.36,4112.18,40442146816
24 July 2020,3982.31,4022.27,3891.42,3936.05,37271138304
23 July 2020,3936.18,4041.64,3903.39,3980.76,39022649344
22 July 2020,3839.95,3949.14,3796.72,3936.49,35503079424
21 July 2020,3730.23,3877.61,3711.68,3840.21,34994282496
20 July 2020,3818.5,3843.83,3710.1,3731.4,27825518592
19 July 2020,3800.45,3854.01,3738.21,3817.79,27840745472
18 July 2020,3788.45,3852.03,3736.6,3801.04,25821773824
17 July 2020,3779.14,3839.26,3741.73,3789.65,28520536064
16 July 2020,3840.15,3881,3696.45,3778.79,33122160640
15 July 2020,3834.77,3901.43,3772.69,3840.12,32799565824
14 July 2020,3800.15,3877.06,3726.01,3836.14,36279480320
13 July 2020,3832.75,3937.83,3748.66,3801.2,37872201728
12 July 2020,3797.66,3881.77,3742.76,3832.6,32896188416
11 July 2020,3756.93,3844.24,3723.11,3797.44,28997625856
10 July 2020,3792.76,3815.78,3644.11,3756.88,35505610752
09 July 2020,3849.39,3903.54,3711.09,3794.35,38740553728
08 July 2020,3674.48,3889.08,3645.9,3849.55,44521328640
07 July 2020,3660.3,3741.7,3572.32,3674.66,34347876352
06 July 2020,3469.03,3691.25,3449.33,3666.15,41378525184
05 July 2020,3472.7,3526.58,3385.7,3469.61,28230144000
04 July 2020,3414.14,3504.64,3395.66,3475.05,25776621568
03 July 2020,3441.23,3481.43,3387.2,3414.66,27606251520
02 July 2020,3469.74,3507.6,3372.75,3441.57,31489665024
01 July 2020,3418.48,3513.47,3382.5,3466.96,31794257920
30 June 2020,3441.59,3477.08,3381.48,3416.27,30921897984
29 June 2020,3400.01,3468.62,3356.06,3442.88,33098768384
28 June 2020,3358.97,3444.31,3309.65,3400.2,30029971456
27 June 2020,3462.7,3501.77,3305.92,3358.34,34394632192
26 June 2020,3498.27,3527.43,3423.38,3462.42,35192545280
25 June 2020,3515.85,3540.56,3422,3498.72,33858273280
24 June 2020,3632.21,3686.94,3478.32,3515.74,39372099584
23 June 2020,3603.33,3663.47,3554.92,3630.41,32743827456
22 June 2020,3473.05,3617.89,3460.33,3603.38,41907273728
21 June 2020,3484.15,3526.72,3461.26,3473.42,31126564864
20 June 2020,3460.12,3517.1,3432.37,3485.38,33302689792
19 June 2020,3519.27,3533.17,3446.68,3460.41,36707991552
18 June 2020,3548.44,3565.7,3476.36,3520.1,36164435968
17 June 2020,3537.39,3587.08,3479.43,3548.6,39577751552
16 June 2020,3508.4,3569.89,3477.45,3537.03,39846944768
15 June 2020,3521.74,3554.56,3328.99,3508.91,51151712256
14 June 2020,3589.86,3600.27,3498.67,3521.9,37204037632
13 June 2020,3579.89,3605.85,3531.23,3589.25,35531792384
12 June 2020,3499.79,3618,3470.2,3578.96,43047641088
11 June 2020,3770.03,3807.76,3466.41,3499.48,59358490624
10 June 2020,3755.21,3800.11,3705.34,3769.8,49094537216
09 June 2020,3744.93,3803.01,3685.25,3755.64,43479273472
08 June 2020,3744.65,3777.44,3685.97,3744.3,44905414656
07 June 2020,3718.63,3775.33,3619.35,3744.36,51536896000
06 June 2020,3720.86,3770.49,3675.38,3718.34,40466407424
05 June 2020,3748.23,3809.14,3686.18,3720.84,49709359104
04 June 2020,3705.76,3798.46,3638.96,3748.09,52101328896
03 June 2020,3620.22,3725.43,3584.22,3705.93,52570116096
02 June 2020,3762.75,3846.9,3549.56,3619.14,69828526080
01 June 2020,3544.19,3783.63,3528.21,3763.58,73534660608
31 May 2020,3658.19,3710.58,3515.99,3543.84,63623229440
30 May 2020,3474.55,3669.36,3441.15,3658.46,68604383232
29 May 2020,3468,3531.2,3414.48,3471.72,59186720768
28 May 2020,3353.39,3483.54,3321.74,3466.95,66273886208
27 May 2020,3264.73,3373.04,3254.6,3352.38,60930904064
26 May 2020,3301.33,3325.15,3222.68,3264.03,54565355520
25 May 2020,3237.28,3317.19,3204.01,3299.06,55597944832
24 May 2020,3363.55,3403.97,3235.06,3241.78,61958955008
23 May 2020,3364.18,3414.76,3315.75,3362.43,53118619648
22 May 2020,3266.28,3393.71,3230.52,3363.76,59971682304
21 May 2020,3415.89,3445.49,3179.7,3266.44,71398170624
20 May 2020,3453.8,3503.9,3362.61,3415.66,68692594688
19 May 2020,3454.91,3488.56,3378.49,3454.54,71568982016
18 May 2020,3389.66,3512.15,3366.19,3454.54,77048840192
17 May 2020,3325.55,3446.49,3311.71,3388.15,82321440768
16 May 2020,3289.53,3374.37,3258.12,3325.4,71257088000
15 May 2020,3381.95,3409.54,3251.11,3289.27,83300130816
14 May 2020,3303.94,3418.68,3264.68,3381.92,1.07E+11
13 May 2020,3202.45,3338.46,3182.94,3306.71,84253081600
12 May 2020,3125.59,3254.33,3103.07,3202.23,80093069312
11 May 2020,3174.95,3242.92,3012.18,3122.58,1.06E+11
10 May 2020,3491.29,3495.22,3034.9,3174.53,99096502272
09 May 2020,3533.19,3604.15,3459.2,3490.92,1.08E+11
08 May 2020,3494.82,3595.46,3439.58,3535.47,95458975744
07 May 2020,3360.19,3533.85,3308.62,3497.47,1.12E+11
06 May 2020,3350.74,3461.55,3311.69,3359.6,97924775936
05 May 2020,3361.66,3421,3303.77,3352.27,86023995392
04 May 2020,3377.16,3410.2,3231.44,3362.31,90403495936
03 May 2020,3450.75,3508.71,3339.27,3377.35,92691496960
02 May 2020,3397.11,3470.68,3364.15,3451.38,87813857280
01 May 2020,3307.12,3465.68,3302.56,3396.62,88946638848
30 April 2020,3435.27,3608.25,3268.4,3304.78,1.27E+11
29 April 2020,3176.3,3465.07,3157.95,3435.94,1.23E+11
28 April 2020,3134.08,3195.2,3093.33,3174.48,76602384384
27 April 2020,3120.75,3173.7,3061.11,3133.48,76309159936
26 April 2020,3083.23,3154.07,3057.82,3120.23,79997935616
25 April 2020,3049.48,3127.02,3021.8,3083.89,75189010432
24 April 2020,2978.08,3088.13,2970.73,3049.39,72426274816
23 April 2020,2889.74,3026.47,2857.15,2976.44,76413861888
22 April 2020,2775.1,2910.92,2760.55,2888.55,89993453568
21 April 2020,2767.89,2814.58,2737.46,2776.43,70352715776
20 April 2020,2898.65,2961.78,2741.96,2770.77,84878393344
19 April 2020,2959.19,2989.56,2878.14,2900.23,74145652736
18 April 2020,2839.44,2976.15,2832.86,2958.72,75696611328
17 April 2020,2841.46,2875.64,2801.13,2840.49,70487629824
16 April 2020,2638,2860.92,2582.68,2840.86,96780419072
15 April 2020,2716.59,2765.49,2631.12,2638.86,66115956736
14 April 2020,2716.22,2778.41,2685.26,2717.38,69374607360
13 April 2020,2773.82,2780.28,2634.37,2716.03,77738622976
12 April 2020,2727.38,2840.57,2694,2773.3,71843102720
11 April 2020,2724.11,2781.88,2673.48,2727.28,65133903872
10 April 2020,2941.62,2949.28,2661.41,2723.74,86519693312
09 April 2020,2941.37,2986.58,2864.91,2940.46,72571813888
08 April 2020,2816.87,2967.23,2797.98,2941.22,81050869760
07 April 2020,2854.54,2958.56,2783.77,2815.6,91265097728
06 April 2020,2601.66,2862.91,2595.1,2853.7,89170018304
05 April 2020,2627.01,2650.22,2562.06,2600.31,57801601024
04 April 2020,2583.28,2644.84,2554.82,2627.45,62801891328
03 April 2020,2573.12,2659.98,2539.81,2583,72601059328
02 April 2020,2509.81,2677.47,2492.97,2572.25,85699452928
01 April 2020,2471.33,2518.82,2381.24,2510.69,70766837760
31 March 2020,2458.9,2503.78,2424.32,2471.86,62030028800
30 March 2020,2295.7,2491.39,2286.03,2458.75,69011709952
29 March 2020,2411.16,2428.99,2289.98,2296.99,54275469312
28 March 2020,2469.95,2478.96,2335.75,2410.65,67690987520
27 March 2020,2554.83,2605.23,2460.43,2471.71,64529756160
26 March 2020,2493.46,2564.68,2464.4,2553.5,64714338304
25 March 2020,2531.71,2570.36,2445.07,2494.17,78117847040
24 March 2020,2438.95,2569.86,2411.95,2530.5,84326064128
23 March 2020,2242.42,2443.01,2216.14,2435.91,83355713536
22 March 2020,2404.43,2480.48,2232.95,2243.18,73989267456
21 March 2020,2389.44,2472.09,2294.66,2403.43,79264399360
20 March 2020,2422.72,2665.76,2231.89,2389.03,1.03E+11
19 March 2020,2052.39,2504.95,2043.58,2422.09,94232731648
18 March 2020,2024.29,2088.81,1965.5,2051.21,67343441920
17 March 2020,1948.96,2108.49,1938.78,2026.14,69428592640
16 March 2020,2134.88,2150.03,1794.37,1951.11,84945354752
15 March 2020,2074.23,2292.44,2039.3,2139.07,66104397824
14 March 2020,2210.89,2258.63,2028.43,2075.86,69656952832
13 March 2020,1940.89,2323.43,1579.84,2206.71,1.48E+11
12 March 2020,3147.03,3159.21,1908.13,1938.49,1.08E+11
11 March 2020,3209.45,3240.51,3000.3,3146.82,76417966080
10 March 2020,3206.63,3294.71,3144.32,3209,82715017216
09 March 2020,3240.2,3309.26,3042.16,3200.35,1.00E+11
08 March 2020,3700.91,3709.79,3226.47,3241.15,86438199296
07 March 2020,3835.5,3871.16,3681.39,3702.78,78784110592
06 March 2020,3767.29,3865.2,3732.75,3835.69,84667006976
05 March 2020,3657.71,3841.45,3653.43,3767.36,81489248256
04 March 2020,3665.88,3732.83,3593.59,3656.64,81175511040
03 March 2020,3699.19,3746.16,3598.91,3666.35,1.15E+11
02 March 2020,3520.02,3744.48,3492.63,3701.27,1.06E+11
01 March 2020,3539.12,3638.4,3447.56,3519.21,77585358848
29 February 2020,3584.76,3689.46,3521.95,3543.44,77696688128
28 February 2020,3623.16,3717.61,3459.95,3583.26,95571345408
27 February 2020,3576.36,3743.21,3426.89,3618.6,1.01E+11
26 February 2020,3895.64,3935.04,3469.83,3574.12,1.13E+11
25 February 2020,4124.19,4139.34,3860.18,3898.19,93202890752
24 February 2020,4311.77,4344.98,4033.25,4124.1,96901857280
23 February 2020,4154.67,4338.65,4134.39,4314.81,87207624704
22 February 2020,4189.85,4230.14,4087.46,4152.52,77129678848
21 February 2020,4127.96,4259.53,4082.37,4188.24,90064068608
20 February 2020,4153.47,4226.28,4019.19,4129.49,1.03E+11
19 February 2020,4435.58,4519.78,4121.15,4156.77,98363482112
18 February 2020,4249.79,4474.18,4140.86,4433.18,1.06E+11
17 February 2020,4304.39,4358.9,3975.89,4250.03,1.09E+11
16 February 2020,4408.37,4553.42,4055.61,4309.12,1.06E+11
15 February 2020,4761.1,4817.63,4342.29,4402.01,1.02E+11
14 February 2020,4605.06,4807.63,4524.1,4760.54,98702237696
13 February 2020,4633.39,4786.29,4470.94,4605.62,1.14E+11
12 February 2020,4440.52,4728.52,4422.73,4635.09,1.01E+11
11 February 2020,4260,4461.45,4163.7,4440.69,83381608448
10 February 2020,4311.21,4384.83,4132,4259.89,86588407808
09 February 2020,4156.64,4358.54,4131.18,4310.03,79535030272
08 February 2020,4109.01,4219.1,3980.3,4157.82,80811409408
07 February 2020,4058.83,4182,4020.05,4110.12,78304870400
06 February 2020,3995.56,4133.2,3927.81,4058.13,84158005248
05 February 2020,3758.4,4037.2,3735.07,3993.97,79059468288
04 February 2020,3771.74,3830.64,3655.15,3758.46,63915978752
03 February 2020,3751.62,3866.68,3709.02,3771.96,66324766720
02 February 2020,3718.35,3847.42,3633.79,3753.08,68840554496
01 February 2020,3672.67,3765.2,3637.26,3720.15,60521455616
31 January 2020,3759.8,3795.76,3587.42,3672.4,66793762816
30 January 2020,3633.54,3803.09,3566.86,3759.74,73761660928
29 January 2020,3624.77,3734.57,3571.23,3635.02,67700465664
28 January 2020,3492.33,3658.18,3449.45,3624.74,71854415872
27 January 2020,3368.46,3564.68,3351.15,3493.36,64419635200
26 January 2020,3234.03,3383.01,3204.53,3368.15,49958248448
25 January 2020,3275.65,3289.25,3184.95,3235.92,43432435712
24 January 2020,3269.9,3340.95,3140,3275.96,55782797312
23 January 2020,3438.9,3447.79,3204.51,3267.98,55670665216
22 January 2020,3450.9,3503.68,3387.02,3439.1,49225375744
21 January 2020,3396.43,3484.4,3336.67,3450.72,52870496256
20 January 2020,3359.95,3470.41,3262.3,3397.56,59197304832
19 January 2020,3432.07,3555.13,3242.61,3360.47,74388545536
18 January 2020,3509.35,3617.61,3342.07,3431.55,77118283776
17 January 2020,3401.78,3649.22,3306.94,3510.36,84335796224
16 January 2020,3424.05,3488.41,3237.96,3400.34,72074952704
15 January 2020,3422.41,3601.58,3228.08,3423.63,90119331840
14 January 2020,2890.48,3495.56,2884.95,3427.91,97374535680
13 January 2020,2909.92,2933.89,2836.26,2891.08,44975386624
12 January 2020,2842.72,2931.81,2820.73,2910.09,47588462592
11 January 2020,2859.71,2944.51,2804.89,2841.66,52367060992
10 January 2020,2714.61,2878.16,2653.47,2861.84,55341150208
09 January 2020,2752.05,2772.6,2666.93,2714.97,44359471104
08 January 2020,2784.45,2865.64,2694.87,2753.32,56923197440
07 January 2020,2752.9,2827.6,2688.86,2784.3,53950189568
06 January 2020,2597.98,2767.58,2590.29,2752.24,48210563072
05 January 2020,2578.9,2656.42,2563.75,2597.54,39637942272
04 January 2020,2546.78,2595.26,2517.77,2577.96,37314002944
03 January 2020,2416.76,2570.21,2388.27,2543.03,52247605248
02 January 2020,2503.41,2510.97,2394.74,2415.57,39310446592
01 January 2020,2474.39,2535.25,2455.8,2502.88,36776247296
31 December 2019,2517.62,2542.29,2450.9,2474.27,41624801280
30 December 2019,2545.77,2577.94,2480.62,2500.74,45315440640
29 December 2019,2488.33,2586.92,2471.64,2545.11,45065814016
28 December 2019,2469.63,2534,2454.37,2489.02,41809321984
27 December 2019,2442.54,2503.05,2416.27,2470.4,43444809728
26 December 2019,2440.33,2502.93,2402.47,2442.79,42944729088
25 December 2019,2471.58,2486.05,2406.07,2439.84,40974422016
24 December 2019,2470.51,2535.54,2432.83,2470.3,42715549696
23 December 2019,2532.05,2580.59,2448.27,2470.28,50523922432
22 December 2019,2446.14,2546.46,2426.04,2532.85,44119613440
21 December 2019,2464.74,2489.21,2405.06,2445.56,37200461824
20 December 2019,2431.73,2497.65,2387.35,2464.03,42763091968
19 December 2019,2466.84,2498.3,2358.23,2430.8,48606638080
18 December 2019,2272.73,2500.73,2222.75,2467.26,60229603328
17 December 2019,2445.45,2465.1,2240.35,2272.22,45154467840
16 December 2019,2568.47,2584.68,2424.76,2445.56,41521516544
15 December 2019,2557.76,2593.3,2480.37,2568.22,34553331712
14 December 2019,2601.38,2633.23,2530.33,2556.72,34392190976
13 December 2019,2590.69,2629.16,2560.36,2601.47,35178016768
12 December 2019,2571.99,2613.27,2531.51,2590.4,38064009216
11 December 2019,2585.95,2620.65,2546.03,2571.3,33415360512
10 December 2019,2627.01,2642.31,2549.64,2586.68,34950512640
09 December 2019,2682.26,2705.31,2603.32,2627.4,34819280896
08 December 2019,2658.14,2712.76,2630.14,2682.84,30904539136
07 December 2019,2651.59,2691.88,2632.9,2658.68,30704900096
06 December 2019,2622.58,2672.34,2589.06,2651.39,34592292864
05 December 2019,2556.86,2708.99,2529.46,2620.77,36541370368
04 December 2019,2597.68,2656.71,2517.92,2557.94,41538625536
03 December 2019,2607.55,2653.23,2555.23,2598.65,30751584256
02 December 2019,2648.6,2683.36,2566.38,2607.62,34624811008
01 December 2019,2683.44,2710.94,2577.59,2648.5,37169451008
30 November 2019,2550.63,2583.96,2459.44,2491.09,34679746560
29 November 2019,2651.47,2767.44,2643.38,2745.14,39592943616
28 November 2019,2670.17,2747.27,2629,2650.36,37707120640
27 November 2019,2593.76,2712.2,2496.09,2669.12,47270973440
26 November 2019,2547.32,2635.79,2523.79,2598.35,41007087616
25 November 2019,2512.78,2633.39,2358.82,2548.6,78617321472
24 November 2019,2687.78,2701.16,2506.61,2513.83,53635620864
23 November 2019,2599.45,2705.94,2541.79,2686.91,43257950208
22 November 2019,2752.57,2788.36,2451.56,2599.44,65037037568
21 November 2019,2921.74,2949.26,2709.43,2752.21,45727830016
20 November 2019,2980.78,3016.18,2901.95,2922.59,40734502912
19 November 2019,3042.65,3085.47,2912.43,2981.54,42646962176
18 November 2019,3159.3,3192,2999.55,3042.96,43140366336
17 November 2019,3145.61,3216.09,3110.23,3159.82,37911318528
16 November 2019,3118.18,3174.6,3093.96,3145.5,34467725312
15 November 2019,3208.67,3239.09,3083,3117.54,44233752576
14 November 2019,3230.16,3274.91,3162.28,3207.84,39847460864
13 November 2019,3220.28,3269.08,3180.37,3229.9,37501579264
12 November 2019,3197.6,3262.83,3159.63,3221.03,42171187200
11 November 2019,3266.58,3294.1,3153.18,3196.56,41212293120
10 November 2019,3181.73,3297.01,3162.49,3265.92,44371570688
09 November 2019,3156.3,3214.31,3137.4,3181.09,37381115904
08 November 2019,3287.77,3309.99,3111.88,3155.99,48976855040
07 November 2019,3324.06,3384.91,3213.72,3287.66,47559147520
06 November 2019,3258.74,3343.67,3226.5,3310.62,48710844416
05 November 2019,3255.38,3330.85,3209.24,3288.88,53770350592
04 November 2019,3180.51,3282.69,3151.72,3255.05,52457906176
03 November 2019,3206.71,3241.23,3132.27,3180.05,42816475136
02 November 2019,3174.46,3242.82,3158.21,3207.37,42865975296
01 November 2019,3160.98,3200.68,3110.48,3174.05,47663284224
31 October 2019,3167.95,3245.62,3079.28,3161.94,51255185408
30 October 2019,3231.04,3275.94,3094.73,3168.46,55363563520
29 October 2019,3151.08,3290.8,3131.13,3230.89,57890111488
28 October 2019,3195.78,3339.98,3107.59,3152.66,60988080128
27 October 2019,3063.74,3272.16,3000.82,3194.03,63838339072
26 October 2019,3021.28,3303.99,2938.53,3062.32,81716273152
25 October 2019,2691.43,3049.7,2667.3,3020.48,57405005824
24 October 2019,2657.93,2724.53,2623.63,2689.72,35004047360
23 October 2019,2834.63,2851.03,2593.19,2657.48,44832075776
22 October 2019,2885.32,2927.47,2822.99,2834.7,34943627264
21 October 2019,2858.06,2916.87,2826.26,2885.37,33937250304
20 October 2019,2801.97,2880.41,2767.07,2857.29,32555239424
19 October 2019,2800.9,2842.24,2771.55,2801.05,30185054208
18 October 2019,2857.54,2879.16,2754.87,2801.79,33976770560
17 October 2019,2800.77,2882.53,2769.25,2857.95,31695050752
16 October 2019,2862.41,2886.83,2749.32,2800.85,34929225728
15 October 2019,2928.2,2959.06,2829.18,2861.69,33795221504
14 October 2019,2869,2945.16,2851,2928.47,32049285120
13 October 2019,2850.76,2928.26,2826.02,2869.24,29446606848
12 October 2019,2853.91,2906.64,2823.13,2852.03,30717149184
11 October 2019,2929.88,2977.72,2829.44,2854,38750470144
10 October 2019,2974.25,2995.7,2877.9,2929.55,36678483968
09 October 2019,2857.06,3006.7,2825.06,2976.1,40035565568
08 October 2019,2849.03,2905.66,2805.89,2856.95,32978917376
07 October 2019,2723.39,2879.51,2692.77,2848.71,37498310656
06 October 2019,2764.97,2793.34,2691.38,2724.6,27291566080
05 October 2019,2774.5,2793.51,2717.84,2765.12,25765830656
04 October 2019,2751.44,2802.14,2715.51,2775.01,27801186304
03 October 2019,2800.96,2816.66,2701.22,2751.39,28247420928
02 October 2019,2771.21,2812.25,2721.13,2801.43,27796875264
01 October 2019,2786.52,2865.74,2728.68,2771.21,33077694464
30 September 2019,2680.25,2804.59,2608.12,2784.48,35302125568
29 September 2019,2752.21,2768.65,2643.82,2694.88,27789576192
28 September 2019,2754.04,2784.61,2702.58,2751.63,29831997440
27 September 2019,2692.23,2770.24,2625.06,2753.47,35146764288
26 September 2019,2780.23,2817.18,2575.8,2692.92,39050547200
25 September 2019,2743.07,2860.77,2662.99,2780.23,46629199872
24 September 2019,3235.52,3283.72,2643.91,2745.47,54255919104
23 September 2019,3381.89,3413.62,3224.72,3234.75,33726269440
22 September 2019,3446.56,3459.41,3326.75,3382.81,30869479424
21 September 2019,3497.23,3531.2,3422,3446.24,31496476672
20 September 2019,3541.52,3569.53,3436.78,3496.69,34474496000
19 September 2019,3558.95,3613.63,3359.45,3542.36,45514326016
18 September 2019,3427.16,3635.09,3412.1,3559.48,40081612800
17 September 2019,3332.64,3492.75,3307.09,3429.58,37867134976
16 September 2019,3318.86,3384.83,3267.64,3331.83,33321482240
15 September 2019,3307.86,3359.86,3280.47,3319.13,27395829760
14 September 2019,3260.73,3347.01,3229.99,3308.6,29756082176
13 September 2019,3260.75,3298.84,3202.95,3261.2,28685676544
12 September 2019,3227.88,3296.95,3173.05,3263.49,29908305920
11 September 2019,3259.11,3293.17,3167.37,3227.52,32433096704
10 September 2019,3314.17,3363.97,3224.88,3257.74,31192848384
09 September 2019,3341.35,3382.29,3234.15,3315.64,36261576704
08 September 2019,3297.42,3386.32,3270.77,3340.43,30435997696
07 September 2019,3192.16,3331.12,3171.71,3296.51,32564318208
06 September 2019,3255.54,3344.22,3157.4,3190.89,36034494464
05 September 2019,3276.29,3313.17,3207.69,3255.51,29074997248
04 September 2019,3323.31,3347.48,3241.79,3277.44,31279249408
03 September 2019,3283.13,3379.32,3248.34,3323.23,36462747648
02 September 2019,3166.37,3312.84,3132.26,3283.31,32751060992
01 September 2019,3147.12,3201.3,3101.3,3165.96,24723288064
31 August 2019,3144.62,3190.81,3093.04,3146.9,25518508032
30 August 2019,3122.83,3183.59,3075.82,3144.67,28135235584
29 August 2019,3221.82,3239.2,3067.83,3121.22,34972381184
28 August 2019,3427.61,3452.61,3194.84,3221.05,34985197568
27 August 2019,3473.32,3489.95,3377.29,3424.44,29747945472
26 August 2019,3430.56,3548.5,3409.59,3472.95,36196700160
25 August 2019,3466.37,3527.89,3384.5,3432.52,28807843840
24 August 2019,3522.03,3544.88,3393.62,3467.1,30790502400
23 August 2019,3460.01,3556.33,3422.35,3522.72,32383934464
22 August 2019,3396.67,3511.51,3312.62,3460.43,35941216256
21 August 2019,3563.77,3576.83,3321.14,3396.78,37703127040
20 August 2019,3644.15,3660.91,3516.41,3563.69,30176968704
19 August 2019,3534.49,3671.49,3501.56,3644.64,30807728128
18 August 2019,3430.63,3587.39,3393.84,3533.6,27820646400
17 August 2019,3448.1,3492.15,3370.39,3429.68,27123515392
16 August 2019,3477.43,3517.04,3325.3,3448.7,37185454080
15 August 2019,3411.39,3526.09,3258.38,3476.14,43941634048
14 August 2019,3731.45,3770.75,3383.78,3410.09,39492288512
13 August 2019,3819.37,3852.55,3675.04,3733.21,32014743552
12 August 2019,3890.47,3904.34,3797.64,3818.41,27854014464
11 August 2019,3784.4,3925.07,3760.8,3889.66,31729184768
10 August 2019,3821.34,3909.95,3711.41,3784.36,34909794304
09 August 2019,3957.41,3987.23,3769.43,3821.75,35433922560
08 August 2019,3986.98,4043.19,3847.96,3958.54,35454009344
07 August 2019,3935.17,4062.38,3877.23,3985.32,39081406464
06 August 2019,4094.53,4193.19,3873.69,3934.77,42051584000
05 August 2019,3927.82,4178.02,3914.68,4092.47,43698995200
04 August 2019,3919.64,3981.74,3839.26,3929.38,30141927424
03 August 2019,3857.48,3982.68,3837.16,3919.19,29818454016
02 August 2019,3870.69,3948.76,3802.47,3856.95,33078007808
01 August 2019,3843.53,3913.07,3747.55,3870,32620664832
31 July 2019,3714.34,3870.23,3705.73,3844.03,32780539904
30 July 2019,3686.77,3776.53,3625.68,3715.98,28164933632
29 July 2019,3701.3,3760.91,3644.64,3680.39,28345933824
28 July 2019,3695.59,3743.36,3566.8,3702.29,28353464320
27 July 2019,3871.86,3956.16,3644.69,3693.95,33647132672
26 July 2019,3835.57,3895.95,3746.83,3871.59,29955065856
25 July 2019,3834.49,3946.87,3787.83,3835.03,33148706816
24 July 2019,3791.29,3893.52,3654.53,3835.21,37448511488
23 July 2019,3943.36,3985.37,3734.3,3794.14,35887415296
22 July 2019,4048.69,4105.1,3850.27,3942.59,33329256448
21 July 2019,4094.42,4156.68,3931.12,4048.85,34579386368
20 July 2019,3933.94,4211.52,3909.1,4092.82,40922681344
19 July 2019,3961.65,4023.17,3792.96,3933.24,40874201088
18 July 2019,3642.02,4014.89,3555.18,3963.23,50220457984
17 July 2019,3475.34,3779,3375.01,3641.43,51164876800
16 July 2019,3990.28,4052.3,3433.38,3479.1,48052248576
15 July 2019,3860.82,4071.3,3656.53,3990.74,50794414080
14 July 2019,4356.63,4386.46,3842.16,3859.37,44465975296
13 July 2019,4521.99,4552.25,4211.25,4355.81,39673974784
12 July 2019,4350.29,4638.07,4258.67,4523.36,45473038336
11 July 2019,4712.66,4736.29,4222.25,4347.83,56330620928
10 July 2019,4978.77,5106.46,4556.74,4714.37,62755946496
09 July 2019,5005.25,5128.81,4889.37,4978.72,52089159680
08 July 2019,4876.66,5068.89,4815.21,5004.93,45685944320
07 July 2019,4744.78,4923.53,4699.11,4876.54,39412592640
06 July 2019,4706.83,4906.81,4673.69,4742.59,41349365760
05 July 2019,4721.29,4841.4,4623.98,4706.06,46666391552
04 July 2019,4947.28,5008.3,4679.92,4722.76,49254682624
03 July 2019,4699.88,4981.09,4672.87,4946.88,56570327040
02 July 2019,4715.43,4814.9,4369.24,4696.95,59475488768
01 July 2019,4686.84,4894.24,4459.26,4716.5,57930739712
30 June 2019,5157.45,5242.2,4675.46,4692.76,55063597056
29 June 2019,5063.96,5189.29,4788.9,5108.19,59439923200
28 June 2019,4715.88,5112.46,4636.1,5063.63,66326777856
27 June 2019,5377.3,5476.35,4462.64,4715.26,78067924992
26 June 2019,5269.07,5776.57,5064.97,5374.46,88848457728
25 June 2019,5124.07,5347.35,5025.16,5270.41,52092190720
24 June 2019,5074.99,5177.48,4940.63,5122.33,42416123904
23 June 2019,5102.07,5283.97,4999.02,5074.05,45719089152
22 June 2019,4840.43,5315.27,4805.61,5102.6,64521740288
21 June 2019,4630.6,4873.01,4620.14,4833.63,44676567040
20 June 2019,4629.3,4709.12,4512.63,4630.64,37317537792
19 June 2019,4565.11,4678.65,4540.22,4629.44,31974526976
18 June 2019,4688.07,4731.06,4495.83,4564.9,35674181632
17 June 2019,4573.09,4770.89,4545.77,4687.28,34611671040
16 June 2019,4517.51,4705.91,4471.99,4574.6,49757097984
15 June 2019,4448.59,4566.13,4402.32,4519.08,41164406784
14 June 2019,4369.31,4494.79,4250.43,4448.03,43701510144
13 June 2019,4376.4,4493.91,4291.76,4370.64,43284729856
12 June 2019,4231.42,4422.46,4186.11,4377.27,43501285376
11 June 2019,4262.77,4306.03,4111.08,4229.9,39077101568
10 June 2019,4056.5,4293.6,3994.74,4260.21,42933903360
09 June 2019,4234.93,4260.06,3981.38,4057.97,38273400832
08 June 2019,4295.07,4348.73,4152.6,4237.17,38251642880
07 June 2019,4190.88,4375.56,4145.67,4295.4,43901296640
06 June 2019,4172.22,4267.91,3981.67,4190.64,43719831552
05 June 2019,4122.32,4252.75,4046.39,4174.02,47423909888
04 June 2019,4367.38,4396.75,3993.91,4121.09,55020482560
03 June 2019,4639.77,4721.17,4316.29,4369.32,51060854784
02 June 2019,4537.56,4711.44,4508.66,4640.73,45913194496
01 June 2019,4576.13,4666.48,4448.88,4534.57,51852570624
31 May 2019,4367.01,4593.91,4259.95,4575.48,56823283712
30 May 2019,4580.69,4888.16,4254.57,4366.28,67925254144
29 May 2019,4484.19,4680.13,4296.52,4583.12,52830375936
28 May 2019,4477.65,4566.9,4354.73,4485.14,54670770176
27 May 2019,4306.34,4571.91,4272.21,4480.98,63924547584
26 May 2019,4045.16,4345.24,3951.53,4306.27,54088302592
25 May 2019,4029.64,4122.16,3983.66,4045.36,45092900864
24 May 2019,3956.42,4137.09,3898.43,4027.23,52951330816
23 May 2019,3886.62,3991.89,3746,3956.5,49301377024
22 May 2019,4083.58,4146.62,3848.9,3889.29,50200940544
21 May 2019,3998.5,4211.82,3916.51,4084.79,52239020032
20 May 2019,4132.99,4140.96,3837.56,3999.09,50872324096
19 May 2019,3721.05,4181.95,3703.77,4132.44,56285646848
18 May 2019,3784.33,3864.53,3667.83,3722.32,46427103232
17 May 2019,4048.36,4096.82,3557.96,3780.24,68584812544
16 May 2019,4156.93,4417.2,3889.55,4047.62,79451021312
15 May 2019,3779.04,4188.74,3746.49,4161.25,64478298112
14 May 2019,3527.1,3866.79,3479.72,3778.44,68709609472
13 May 2019,3287.5,3647.05,3256.39,3527.86,56832196608
12 May 2019,3418.09,3535.48,3212.97,3287.15,57865752576
11 May 2019,3048.17,3532.85,3034.77,3416.69,61953961984
10 May 2019,2968.41,3093.86,2923.94,3047.74,39101452288
09 May 2019,3014.8,3070.8,2909.09,2967.8,32848889856
08 May 2019,2974.79,3041.64,2919.08,3014.22,31478046720
07 May 2019,2998.55,3107.99,2952.99,2974.17,37726265344
06 May 2019,2999.25,3053.36,2895.31,3000.12,34338390016
05 May 2019,3029.05,3053.54,2956.57,3000.2,30622609408
04 May 2019,3076.8,3145.68,2951.61,3028.84,36960157696
03 May 2019,2970.95,3134.02,2945.19,3077.63,38900330496
02 May 2019,2946.39,3010.18,2914.15,2971.42,30771570688
01 May 2019,2941.64,2995.18,2898.58,2945.89,29466257408
30 April 2019,2816.82,2958.6,2797.74,2941.74,31095259136
29 April 2019,2880.82,2915.96,2778.58,2815.76,29362604032
28 April 2019,2898.49,2938.76,2850.46,2880.58,26349191168
27 April 2019,2887.38,2938.74,2849.91,2897.02,26971803648
26 April 2019,2845.36,2942.19,2781.85,2887.13,35633602560
25 April 2019,2998.57,3057.94,2822.69,2842.6,32844027904
24 April 2019,3121.35,3147.48,2918.87,2998.11,38023151616
23 April 2019,3131.33,3237.64,3079,3122.51,34397810688
22 April 2019,3106.41,3173.27,3059.78,3131.2,30411165696
21 April 2019,3182.69,3211.7,3037.28,3107.37,30246002688
20 April 2019,3188.34,3233.19,3137.76,3182.93,28149633024
19 April 2019,3186.79,3231.46,3109.28,3187.75,30201165824
18 April 2019,3125.98,3232.06,3106.87,3186.61,30246842368
17 April 2019,3131.65,3178.32,3073,3125.99,27066077184
16 April 2019,3047.51,3150.63,3006.28,3131.96,25929433088
15 April 2019,3126.08,3193.13,2990.17,3047.47,29369868288
14 April 2019,3057.25,3150.82,3009.25,3125.8,23662430208
13 April 2019,3061.8,3111.03,3013.15,3057.58,24649738240
12 April 2019,3048.82,3109.54,2945.21,3062.32,30766893056
11 April 2019,3293.62,3311.92,2956.46,3049.91,39234572288
10 April 2019,3234.54,3376.33,3217.61,3293.51,35823681536
09 April 2019,3315.67,3336.59,3184.83,3235.11,34072641536
08 April 2019,3335.92,3427.76,3204.34,3315.82,41034166272
07 April 2019,3241.63,3386.67,3203.17,3334.72,38174851072
06 April 2019,3247.75,3366,3162.82,3242.45,37652054016
05 April 2019,3097.23,3288.31,3082.42,3247.47,38134050816
04 April 2019,3125.56,3266.36,2996.73,3097.19,42565496832
03 April 2019,3088.26,3461.98,2980.08,3125.05,57961009152
02 April 2019,2666.66,3114.67,2649.29,3087.3,48807452672
01 April 2019,2620.01,2698.5,2601.73,2666.53,22286966784
31 March 2019,2600.65,2643.42,2575.11,2620.93,20031553536
30 March 2019,2621.66,2745.91,2570.56,2623.22,22491594752
29 March 2019,2584.77,2657.02,2551.75,2624.17,24274946048
28 March 2019,2596.3,2619.68,2547.46,2585.06,20935454720
27 March 2019,2482.35,2605.46,2473.39,2596.99,25651437568
26 March 2019,2474.87,2497.51,2423.89,2483.05,22164926464
25 March 2019,2529.68,2548.09,2439.49,2475.61,22098812928
24 March 2019,2539.82,2568.79,2488.21,2527.95,20379906048
23 March 2019,2502.92,2566.03,2485.9,2540.89,20958005248
22 March 2019,2480.88,2540.41,2458.63,2504.45,20238983168
21 March 2019,2522,2562.13,2424.93,2483.4,23325181952
20 March 2019,2503.71,2539.34,2451.41,2521.75,22108733440
19 March 2019,2474.73,2521.23,2453.55,2502.82,20206903296
18 March 2019,2475.09,2521.25,2440.5,2474.77,21476997120
17 March 2019,2498.17,2510.45,2445.76,2473.2,17713264640
16 March 2019,2430.08,2527.35,2424.65,2498.73,22103277568
15 March 2019,2384.2,2449.9,2371.39,2429.42,20189663232
14 March 2019,2356.95,2419.78,2337.7,2385.29,23189782528
13 March 2019,2366.52,2398.98,2328.8,2358.48,20097615872
12 March 2019,2323.7,2384.6,2276.46,2364.43,20903133184
11 March 2019,2356.17,2386.83,2294.12,2322.29,21405884416
10 March 2019,2360.66,2388.94,2314.62,2356.29,20438972416
09 March 2019,2295.03,2389.91,2285.49,2357.97,23036954624
08 March 2019,2333.61,2367.62,2269.63,2297.14,22217127936
07 March 2019,2316.76,2369.78,2297.1,2330.8,21138964480
06 March 2019,2309.69,2341.05,2268.44,2317.06,20679698432
05 March 2019,2170.52,2321.21,2152.14,2309.16,22333294592
04 March 2019,2243.75,2257.43,2129.69,2169.79,19090982912
03 March 2019,2264.48,2285.93,2228.49,2244.83,15152706560
02 March 2019,2267.58,2299.79,2229.98,2264.47,16396972032
01 March 2019,2252.69,2314.4,2242.27,2270.55,16502416384
28 February 2019,2249.95,2290.92,2231.4,2252.86,18300813312
27 February 2019,2268.42,2299.62,2196.66,2249.42,18147815424
26 February 2019,2284.34,2318.78,2230.16,2266.89,17555771392
25 February 2019,2212.75,2331.42,2196.26,2286.78,21189879808
24 February 2019,2475.15,2561.45,2186.31,2218.65,25685659648
23 February 2019,2354.18,2485.63,2325.63,2472.71,19786842112
22 February 2019,2314.74,2370.26,2302.94,2359.05,16795845632
21 February 2019,2381.01,2391.61,2291.89,2315.3,17255114752
20 February 2019,2314.06,2391.31,2281.68,2381.08,19813134336
19 February 2019,2288.98,2396.98,2271.82,2316.7,22887153664
18 February 2019,2118.85,2317.35,2113.53,2286.53,22424283136
17 February 2019,2072.85,2134.42,2055.94,2118.38,15585136640
16 February 2019,2069.14,2104.74,2055.61,2073.87,12753730560
15 February 2019,2048.98,2103.98,2037.46,2069.29,13435487232
14 February 2019,2072.47,2092.82,2030.17,2047.57,13846305792
13 February 2019,2089.62,2124.52,2052.56,2073.6,14252506112
12 February 2019,2069.12,2107.89,2037.1,2089.15,14193286144
11 February 2019,2111.86,2128.58,2045.71,2070.57,14270976000
10 February 2019,2077.52,2121.22,2031.39,2109.75,14122678272
09 February 2019,2072.56,2104.69,2043.29,2077.46,13703050240
08 February 2019,1882.45,2095.36,1870.44,2073.02,16957160448
07 February 2019,1877.45,1916.56,1861.76,1881.22,10429656064
06 February 2019,1918.24,1940.37,1844.2,1877.22,11688045568
05 February 2019,1920.25,1945.11,1896.39,1915.58,10879820800
04 February 2019,1918.57,1954.44,1899.93,1923.73,11132196864
03 February 2019,1958.22,1966.05,1900.91,1916.77,10898500608
02 February 2019,1929.3,1966.96,1911.2,1960.15,10978221056
01 February 2019,1917.92,1950.4,1878.48,1931.15,11776594944
31 January 2019,1963.83,1999.34,1900.12,1916.25,12454042624
30 January 2019,1909.1,1985.76,1889.38,1963.92,12909233152
29 January 2019,1928.45,1947.33,1871.48,1912.19,12544649216
28 January 2019,2044.33,2050.34,1874.89,1926.86,15868282880
27 January 2019,2078.72,2099.82,2022.75,2044.07,11984723968
26 January 2019,2079.97,2118.35,2059.58,2077.98,10787307520
25 January 2019,2084.76,2103.25,2054.18,2080.18,11124706304
24 January 2019,2075.4,2102.09,2048.95,2081.16,10992274432
23 January 2019,2085.54,2111.93,2050.22,2075.83,11298123776
22 January 2019,2050.17,2103.81,2015.89,2085.79,11297615872
21 January 2019,2058.77,2077.37,2025.8,2050.6,10543441920
20 January 2019,2133.81,2151.41,2035.8,2057.42,11526011904
19 January 2019,2095.9,2165,2083.94,2135.84,12541334528
18 January 2019,2124.9,2134.15,2072.81,2093.44,10701180928
17 January 2019,2104.89,2138.28,2069.75,2125.28,11500200960
16 January 2019,2072.41,2135.15,2062.69,2105.66,11283972096
15 January 2019,2140.37,2159.11,2051.18,2073.34,11599506432
14 January 2019,2007.09,2163.01,1993.78,2139.1,12117744640
13 January 2019,2111.57,2137.24,1987.2,2003.56,10103929856
12 January 2019,2123.66,2156.87,2085.64,2111.88,10175458304
11 January 2019,2122.13,2172.98,2084.53,2123.34,11906722816
10 January 2019,2416.81,2478.75,2088.16,2129.3,15803196416
09 January 2019,2385.76,2457.93,2368.72,2415.8,10903794688
08 January 2019,2362.85,2442.17,2320.96,2383.85,11154071552
07 January 2019,2416.8,2443.12,2344.51,2359.88,11289482240
06 January 2019,2296.54,2439.86,2273.54,2415.7,12566373376
05 January 2019,2288.14,2353.99,2272.89,2298.61,11816125440
04 January 2019,2266.31,2325.37,2228.16,2291.98,10802776064
03 January 2019,2358.32,2368.34,2249.4,2267.81,9839080448
02 January 2019,2270.77,2377.58,2239.11,2360.7,15981341696
01 January 2019,2224.45,2315.58,2200.06,2305.54,12263848960
31 December 2018,2279.71,2292.46,2159.4,2179.2,13118545920
30 December 2018,2301.15,2351.78,2264.45,2323.28,13965111296
29 December 2018,2364.84,2414.5,2289.29,2303.58,15717355520
28 December 2018,2125.12,2384.02,2101.46,2357.91,17021555712
27 December 2018,2322.72,2341.06,2109.5,2123.81,14939808768
26 December 2018,2296.77,2388.57,2235.35,2323.14,16250462208
25 December 2018,2477.75,2480.36,2219.91,2295.3,19284621312
24 December 2018,2407.84,2681.43,2385.67,2472.66,24403331072
23 December 2018,2333.85,2470.47,2313.32,2405.71,19232010240
22 December 2018,2263.83,2348.12,2205.97,2328.32,15817138176
21 December 2018,2353.9,2464.6,2201.16,2263.63,21228910592
20 December 2018,2093.05,2398.53,2078.41,2362.58,25161060352
19 December 2018,2087.04,2271.32,2051.77,2102.35,19286362112
18 December 2018,1963.89,2084.48,1921.14,2077.55,16573810688
17 December 2018,1760.27,2010.1,1741.94,1963.78,14836624384
16 December 2018,1734.38,1803.26,1728.16,1758.97,9721605120
15 December 2018,1734.39,1767.03,1695.23,1734.39,9055307776
14 December 2018,1799.8,1817.48,1706.97,1734.35,10867386368
13 December 2018,1877.02,1905.13,1770.76,1800.28,10977754112
12 December 2018,1836.33,1914.08,1824.37,1875.42,10529462272
11 December 2018,1880.29,1907.92,1809.36,1838.21,12040334336
10 December 2018,1957.8,1985.11,1859.15,1883.46,12587495424
09 December 2018,1850.79,1975.13,1838.66,1923.93,12949688320
08 December 2018,1871.68,1954.05,1800.74,1888.61,13959422976
07 December 2018,1898.38,1932.36,1739.55,1871.39,17877280768
06 December 2018,2093.71,2148.82,1897.15,1901.16,15007607808
05 December 2018,2236.39,2251.84,2088.88,2095.14,13281975296
04 December 2018,2213.93,2323,2158.21,2234.01,12605537280
03 December 2018,2373.03,2380.91,2180.68,2217.22,12734899200
02 December 2018,2397.69,2463.46,2344.4,2368.48,13019301888
01 December 2018,2310.65,2459.33,2268.49,2403.85,13766917120
30 November 2018,2447.05,2474.95,2251.59,2306.46,15232637952
29 November 2018,2478.11,2549.83,2358.18,2442.37,16495193088
28 November 2018,2232.99,2553.37,2229.66,2469.86,18508642304
27 November 2018,2197.46,2273.39,2115.4,2232.21,15523901440
26 November 2018,2330.05,2408.76,2115.2,2203.01,17075980288
25 November 2018,2289.79,2389.05,2057.31,2330.21,18959194112
24 November 2018,2535.7,2596.17,2227.93,2289.91,12993896448
23 November 2018,2573.81,2604.32,2447.65,2533.86,14158914560
22 November 2018,2753.61,2777.92,2579.38,2583.36,12281331712
21 November 2018,2644.79,2796.02,2553.16,2751.56,16906332160
20 November 2018,2962.52,3038.59,2498.13,2631.22,22587969536
19 November 2018,3423.33,3442.9,2937.94,2966.01,19856920576
18 November 2018,3383.33,3480.95,3366.99,3424.85,12397820928
17 November 2018,3378.59,3416.88,3317.74,3377.44,12226186240
16 November 2018,3453.54,3487.95,3331.39,3376.97,14323305472
15 November 2018,3488.69,3541.46,3216.43,3454.82,19881289728
14 November 2018,3891.95,3919.84,3321.16,3485.89,20270168064
13 November 2018,3960.6,4007.7,3872.33,3899.46,12469586944
12 November 2018,3980.06,4047.03,3898.96,3963.6,12120606720
11 November 2018,3988.74,4018.14,3900.41,3972.72,11278639104
10 November 2018,3955.34,4023.93,3936.8,3989.86,10534969344
09 November 2018,4004.27,4059.57,3928.42,3956.77,12068353024
08 November 2018,4128.95,4160.84,3988.34,4007.82,12938934272
07 November 2018,4178.81,4225.4,4087.82,4131.09,14108199936
06 November 2018,3997.59,4176.55,3972.21,4157.32,14189716480
05 November 2018,3944.6,4045.94,3911.37,3990.64,12031142912
04 November 2018,3838.57,4010.74,3795.73,3952.9,13429181440
03 November 2018,3846.28,3871.11,3806.11,3836.78,9558247424
02 November 2018,3792.83,3870.63,3774,3846.49,10935326720
01 November 2018,3747.06,3888.89,3730.64,3791.33,9478321152
31 October 2018,3746.24,3778.73,3690.51,3746.34,10363786240
30 October 2018,3735.85,3774.1,3708.98,3742.24,9323387904
29 October 2018,3886.38,3906.3,3704.94,3735.09,10580892672
28 October 2018,3870.09,3913.12,3842.2,3892.32,8261476864
27 October 2018,3886.87,3917.57,3843.01,3862.57,8146580992
26 October 2018,3889.15,3918.79,3847.35,3886.99,8379570688
25 October 2018,3923.35,3938.27,3867.33,3893.97,7920465920
24 October 2018,3935.56,3985.02,3896.89,3925.81,8333197824
23 October 2018,3926.25,3995.26,3868.17,3940.95,9381531648
22 October 2018,3924.16,3982.52,3885.95,3927.67,9321899008
21 October 2018,3929.78,3991.64,3899.91,3926.98,8881015808
20 October 2018,3900.8,3953.35,3879.93,3929.15,8794713088
19 October 2018,3891.65,3933.42,3849.6,3899.82,9364153344
18 October 2018,3960.26,4007.4,3849.82,3892.22,10506928128
17 October 2018,3984.48,4042.02,3896.2,3958.1,11081293824
16 October 2018,3953.78,4036.55,3904.92,3979.56,10872529920
15 October 2018,3738.64,4128.7,3695.15,3952.14,20738775040
14 October 2018,3788.35,3843.74,3727.44,3742.58,8294085120
13 October 2018,3768.38,3833.1,3748.02,3788.18,8317136896
12 October 2018,3668.91,3847.32,3652,3771.61,11459078144
11 October 2018,4161.84,4176.69,3663.99,3687.7,14902746112
10 October 2018,4213.22,4231.03,4108.85,4165.69,10654856192
09 October 2018,4268.03,4296.08,4168.14,4220.91,10059051008
08 October 2018,4192.21,4315.58,4157.53,4263.52,11428781056
07 October 2018,4161.32,4225.31,4100.69,4187.35,10230959104
06 October 2018,4212.04,4244.23,4112.64,4152.89,10132041728
05 October 2018,4156.76,4232.81,4116.35,4208.44,10593049600
04 October 2018,4119.99,4232.33,4100.38,4154.63,11083873280
03 October 2018,4173.78,4201.55,4048.13,4116.96,12012226560
02 October 2018,4240.45,4301.5,4145,4184.31,11808471040
01 October 2018,4269.21,4325.86,4157.15,4240.27,13082782720
30 September 2018,4257.16,4346.08,4190.83,4269.51,13525279744
29 September 2018,4211.05,4315.6,4100.73,4255.71,13867141120
28 September 2018,4282.5,4361.83,4148.83,4217.01,14830706688
27 September 2018,4064.23,4336.77,4024.04,4275.46,14870614016
26 September 2018,4041.95,4218.99,3925.25,4065.43,14451613696
25 September 2018,4102,4162.86,3832.27,4047.83,14971179008
24 September 2018,4341.13,4381.86,4066.61,4110.25,12470952960
23 September 2018,4267.34,4448.57,4215.74,4343.56,12749426688
22 September 2018,4343.28,4434.96,4085.93,4259,14970142720
21 September 2018,4001.71,4595.8,3942.87,4334.12,22759690240
20 September 2018,3706.02,4046.8,3675.06,3994.57,12662982656
19 September 2018,3689.43,3766.4,3573.28,3702.76,11648484352
18 September 2018,3538.85,3749.16,3500.41,3692.41,11708043264
17 September 2018,3777.28,3819.66,3506.37,3545.67,11449441280
16 September 2018,3777.72,3805.11,3676.41,3773.05,9156416512
15 September 2018,3723.07,3839.48,3702.17,3781.37,9216356352
14 September 2018,3752.1,3852.77,3646.42,3731.65,11873532928
13 September 2018,3557.7,3801.48,3541.79,3746.96,12525690880
12 September 2018,3572.75,3607.61,3378.31,3552.38,11370945536
11 September 2018,3678.53,3731.76,3486.58,3569.95,10251677696
10 September 2018,3696.83,3765.91,3607.11,3667.31,9879141376
09 September 2018,3648.61,3822.37,3571.89,3684.69,10201567232
08 September 2018,3853.71,3933.5,3603.55,3647.83,10092895232
07 September 2018,3950.51,4016.95,3795.93,3852.62,11486594048
06 September 2018,3951.83,4015.34,3735.19,3955.24,14846745600
05 September 2018,4601.37,4663.55,3956.75,3959.78,16042141696
04 September 2018,4545.65,4687.92,4510.08,4599.18,11570421760
03 September 2018,4568.68,4641.23,4456.1,4547.39,10898748416
02 September 2018,4583.58,4659.67,4449.94,4558.21,11777867776
01 September 2018,4377.31,4655.14,4364.05,4582.35,11849447424
31 August 2018,4314.86,4411.01,4240.61,4375.97,11678315520
30 August 2018,4392.59,4432.54,4160.97,4315.42,11711489024
29 August 2018,4484,4551.96,4317.42,4391.75,11903115264
28 August 2018,4293.15,4533.15,4244.24,4488.96,12530221056
27 August 2018,4054.26,4306.61,4017.32,4290.72,10998137856
26 August 2018,4077.13,4123.96,3949.01,4054.55,8613284864
25 August 2018,4055.59,4129.57,3997.96,4075.58,8608623616
24 August 2018,3961.41,4075.93,3889.61,4054.08,10875267072
23 August 2018,3839.39,3977.72,3814.53,3960.13,9329684480
22 August 2018,3984.65,4207.84,3764.82,3836.28,12261846016
21 August 2018,3854.76,4034.86,3829.48,3979.92,9200793600
20 August 2018,4137.85,4203.56,3847.6,3865.55,10469833728
19 August 2018,4030.44,4209.88,3956.51,4133.84,10298845184
18 August 2018,4328.09,4406.12,3905.98,4031.31,12621299712
17 August 2018,3834.08,4352.78,3820.22,4326.55,15027108864
16 August 2018,3754.93,3956.39,3709.65,3837.28,11613663232
15 August 2018,3716.74,3993.2,3685.39,3756.41,13124887552
14 August 2018,3795.02,3811.31,3435.46,3694.77,14239665152
13 August 2018,4072.55,4197.06,3766.49,3796.51,11159793664
12 August 2018,4056.52,4168.95,4009.57,4067.18,13777924096
11 August 2018,4171.99,4229.78,3917.31,4064.01,11239655424
10 August 2018,4487.37,4534.05,4112.01,4171.51,12017788928
09 August 2018,4306.87,4576.72,4243.82,4491.12,11550349312
08 August 2018,4764.17,4782.43,4227.84,4297.82,14195198976
07 August 2018,5012.38,5155.57,4741.42,4766.92,12796379136
06 August 2018,5125.36,5224.79,4940.78,5010.33,10438693888
05 August 2018,5032.86,5167.66,4967.06,5123.75,9661092864
04 August 2018,5263.95,5334.58,4975.59,5031.39,10811521024
03 August 2018,5261.1,5349.05,5052.21,5264.78,12201226240
02 August 2018,5362,5439.57,5148.06,5260.91,10937706496
01 August 2018,5543.82,5603.97,5298,5365.88,12864552960
31 July 2018,5845.53,5866.12,5449.48,5548.98,13436600320
30 July 2018,6016.99,6034.58,5681.89,5851.87,15718867968
29 July 2018,6021.72,6108.61,5918.99,6010.9,11216059392
28 July 2018,6015.43,6076.62,5911.3,6003.95,10712074240
27 July 2018,5897.68,6089.22,5770.67,6006.39,13499077632
26 July 2018,6042.99,6221.83,5820.71,5901.58,12659028992
25 July 2018,6055.01,6217.67,5890.55,6044.14,15172298752
24 July 2018,5718.47,6140.39,5639.3,6091.67,18501611520
23 July 2018,5710.28,5962.53,5628.23,5713,12786931712
22 July 2018,5756.62,5895.53,5662.5,5713.81,10002796544
21 July 2018,5631.82,5830.41,5521.09,5763.88,10262027264
20 July 2018,5969.81,6012.02,5574.94,5635.68,13580281856
19 July 2018,6035.15,6157.35,5852.24,5975.26,14501875712
18 July 2018,6089.35,6387.38,5899.77,6043.89,17329809408
17 July 2018,5732.03,6182.56,5598.56,6094.23,16073894912
16 July 2018,5336.59,5750.79,5286.47,5743.49,12775983104
15 July 2018,5204.79,5402.15,5168.61,5333.99,8896458752
14 July 2018,5194.02,5264.63,5112.41,5208.03,7848238592
13 July 2018,5119.79,5322.32,5083.67,5193.31,10459595776
12 July 2018,5284.59,5296.73,4992.76,5109.07,10234258432
11 July 2018,5217.08,5363.98,5138.01,5284.77,10409148416
10 July 2018,5627.54,5662.23,5199.23,5217.69,12117328896
09 July 2018,5799.27,5854.73,5614.35,5635.38,10578432000
08 July 2018,5913.65,6002.9,5770.91,5799.86,9553278976
07 July 2018,5754.44,5931.02,5593.9,5917.44,10513682432
06 July 2018,5800.85,5860.37,5540.17,5757.25,11611295744
05 July 2018,5870.88,6007.31,5681.44,5802.23,14080578560
04 July 2018,5757.45,6078.86,5637.16,5861.11,12008599552
03 July 2018,5872.4,6092.71,5705.11,5753.92,13133143040
02 July 2018,5533.55,5968.02,5427.92,5879.19,12683630592
01 July 2018,5526.62,5618.67,5370.52,5533.59,13297342464
30 June 2018,5315.71,5634.22,5302.24,5520.04,12115529728
29 June 2018,5066.72,5368.71,4942.65,5301.27,11050743808
28 June 2018,5357.43,5403.33,5020.12,5062.46,9752958976
27 June 2018,5228.43,5407.8,5156.07,5358,9452824576
26 June 2018,5539.2,5579.29,5224.97,5235.79,9160548352
25 June 2018,5416.36,5649.52,5330.34,5537.51,16733570048
24 June 2018,5594.35,5637.44,5023.24,5426.72,15329040384
23 June 2018,5553.49,5705.94,5451.63,5589.46,10371075072
22 June 2018,6263.36,6286.08,5431.93,5549.45,15284369408
21 June 2018,6326.23,6430.87,6197.43,6263.83,9895387136
20 June 2018,6392.91,6436.19,6131.82,6326.52,10949621760
19 June 2018,6307.94,6493.24,6234.9,6386.99,11286224896
18 June 2018,6119.5,6386.76,5986.51,6304.92,10756232192
17 June 2018,6165.84,6257.33,6089.88,6126.31,8234233856
16 June 2018,6085.27,6226.96,5999.98,6163.14,9029302272
15 June 2018,6394.84,6419.21,6053.76,6098.55,11298556928
14 June 2018,5982.55,6467.9,5893.91,6397.39,15224978432
13 June 2018,6247.97,6307.4,5772.19,5979.49,14441899008
12 June 2018,6697.43,6781.46,6139.92,6237.58,13330257920
11 June 2018,6574.69,6755.23,6369.37,6707.79,13925345280
10 June 2018,7490.35,7493.87,6391.97,6580.79,17644081152
09 June 2018,7653.44,7768.19,7499.05,7503.72,10509273088
08 June 2018,7742.22,7806.19,7513.14,7649.94,11542257664
07 June 2018,7752.77,7927.89,7652.13,7740.51,12479014912
06 June 2018,7782.74,7884.89,7543.82,7743.94,12647915520
05 June 2018,7600.78,7834.53,7379.91,7776.3,13903121408
04 June 2018,7961.27,8071.75,7477.09,7596.15,14272814080
03 June 2018,7754.78,8096.34,7686.29,7938.91,14254416896
02 June 2018,7469.69,7875.57,7401.13,7758.54,15877763072
01 June 2018,7405.59,7567.71,7253.51,7469.1,13103228928
31 May 2018,7212.89,7562.95,7142.53,7400.54,13876785152
30 May 2018,7308.81,7520.28,7051.42,7227.59,13582675968
29 May 2018,6879.1,7559.56,6781.58,7425.51,16268416000
28 May 2018,7423.44,7498.47,6794.24,6834.79,14286780416
27 May 2018,7504.79,7541.63,7309.02,7421.62,10877462528
26 May 2018,7572.78,7769.38,7435.14,7505.92,10950607872
25 May 2018,7817.43,7902.61,7442.35,7578.61,13506796544
24 May 2018,7523.99,7935.51,7254.54,7802.81,17661689856
23 May 2018,8187.93,8265.54,7369.26,7523.66,18166253568
22 May 2018,8784.3,8828.47,8146.35,8187.94,13643156480
21 May 2018,9020.4,9109.95,8671.29,8781.79,13778970624
20 May 2018,8655.13,9095.63,8573.56,9006.98,14261293056
19 May 2018,8711.8,8883.25,8513.88,8648.92,12855943168
18 May 2018,8424.15,8791.22,8230.59,8708.72,15923181568
17 May 2018,8912.99,9126.07,8358.32,8436.46,16059310080
16 May 2018,9033.64,9119.49,8542.93,8896.03,17825214464
15 May 2018,9373.81,9648.54,8924.36,9052.59,17883025408
14 May 2018,9433.43,9676.9,8846.41,9377.18,20590934016
13 May 2018,9023.42,9567.28,8838.2,9438.41,16784785408
12 May 2018,8833.72,9255.13,8311.34,9013.46,21868474368
11 May 2018,9708.4,9820.62,8603.85,8825.62,25741899776
10 May 2018,10242.1,10430.3,9699.19,9714.26,18036037632
09 May 2018,10287.2,10438,9775.4,10235.3,18907496448
08 May 2018,10469.2,10747.5,10061.1,10299.7,19305709568
07 May 2018,10830.2,10897.6,10031.8,10448.4,22725365760
06 May 2018,11054,11304.2,10473.1,10820,21672667136
05 May 2018,10830.7,11299.3,10725.5,11055.7,21446105088
04 May 2018,10910.6,11138.1,10526.3,10833.4,22892040192
03 May 2018,10499.7,11183,10305.4,10930.1,27737810944
02 May 2018,10229.1,10594.5,10067.4,10497,21072148480
01 May 2018,10180.3,10333.5,9629.75,10239.4,22835617792
30 April 2018,10661.2,10813.6,9992.68,10168.5,26338187264
29 April 2018,10324.2,10902,10047.1,10655.9,28473618432
28 April 2018,9502.82,10427.2,9492.19,10254,22373482496
27 April 2018,9828.72,10150.1,9405.99,9530.89,21728731136
26 April 2018,9121.31,9909.93,8846.57,9830.44,24162834432
25 April 2018,10215.5,10378,8783.62,9096.76,33566947328
24 April 2018,9427.33,10498.2,9392.05,10257,31069673472
23 April 2018,8984.65,9523.49,8950.83,9418.43,18421800960
22 April 2018,8957.66,9334.35,8759.56,9002.43,17463912448
21 April 2018,9195.35,9348.31,8458.73,8978.39,20670601216
20 April 2018,8439.76,9275.46,8281.09,9184.99,23013994496
19 April 2018,8030.57,8501.13,7935.91,8436.02,16932458496
18 April 2018,7466.87,8101.57,7422.86,8018,15271882752
17 April 2018,7557.03,7885.94,7347.95,7457.5,16408082432
16 April 2018,7678.85,7877.78,7201.43,7554.72,13925556224
15 April 2018,7237.75,7737.92,7192.46,7681.02,13068095488
14 April 2018,7117.43,7436.54,6986.43,7217.29,12506518528
13 April 2018,7159.12,7708.19,6939.5,7128.34,19548403712
12 April 2018,6312.98,7225.22,6118.32,7157.05,22156900352
11 April 2018,6016.3,6379.43,5950.74,6316.49,12001388544
10 April 2018,5897.03,6071.48,5784.21,6010.4,9269529600
09 April 2018,6013.22,6269.88,5734.98,5887.09,10631796736
08 April 2018,5871.78,6082.79,5833.42,6003.55,7395304960
07 April 2018,5648.86,6016.8,5628.38,5869.18,8370867712
06 April 2018,5831.59,5932.21,5534.19,5647.54,8702090240
05 April 2018,5791.62,6030.27,5543.96,5843.9,12584049664
04 April 2018,6409.15,6474.62,5703.72,5785.35,10768077824
03 April 2018,5935.86,6542.45,5879.44,6430.98,12142850048
02 April 2018,5663.25,6042.82,5605.42,5923.09,9462218752
01 April 2018,5887.16,5980.18,5366.18,5652.68,10131234816
31 March 2018,5874.26,6197.36,5760.91,5874.29,10024701952
30 March 2018,5941.71,6172.95,5589.03,5857.54,14150841344
29 March 2018,6718.57,6755.19,5883.01,5947.64,14411816960
28 March 2018,6618.57,6955.96,6547.61,6706.97,11150396416
27 March 2018,6997.7,7105.89,6493.25,6623.27,12636923904
26 March 2018,7423.74,7498.36,6654.8,7004.33,13215723520
25 March 2018,7454.98,7666.09,7290.82,7423.78,9806081024
24 March 2018,7631.93,7921.37,7397.71,7514.36,12334786560
23 March 2018,7561.78,7708.33,7094.47,7591.1,13394025472
22 March 2018,7761.7,8008.77,7252.85,7567.11,13362782208
21 March 2018,7784.64,8151.35,7524.48,7754.05,14653053952
20 March 2018,7515.71,8003.89,7105.93,7755.15,16083185664
19 March 2018,6989.99,7582.98,6738.54,7517.86,16329711616
18 March 2018,6742.46,7014.97,5899.33,6916.44,15925268480
17 March 2018,7293.89,7371.03,6651.14,6757.47,9797763072
16 March 2018,7367.98,7625.72,7030.01,7293.87,11384398848
15 March 2018,7441.02,7607.44,6834.28,7354.11,14761313280
14 March 2018,8401.1,8600.45,7219.28,7422.35,13560070144
13 March 2018,8335.28,8688.81,8089.65,8387.25,12211296256
12 March 2018,8710.48,8971.29,8117.06,8361.21,13394763776
11 March 2018,8132.15,8855.69,7876.23,8707.58,13602011136
10 March 2018,8663.29,8901.5,8088,8148.83,12337659904
09 March 2018,8501.14,8749.06,7614.46,8637.58,19168352256
08 March 2018,9066.56,9346.06,8378.65,8518.02,15625184256
07 March 2018,9888.27,10072.9,8617.83,9070.57,18634391552
06 March 2018,10487.2,10577.5,9749.38,9884.93,15112238080
05 March 2018,10694.3,10941.7,10407.4,10523,15656736768
04 March 2018,10511.3,10803,10198.6,10689.1,13786889216
03 March 2018,10509.1,10844.1,10306.3,10516.9,14244581376
02 March 2018,10659,10887.7,10284.2,10512.2,15720078336
01 March 2018,10214.1,10885.9,10052.2,10656.9,15569979392
28 February 2018,10728.9,10993.7,10176.4,10213.9,0
27 February 2018,10619.7,11039.8,10415.8,10752.5,0
26 February 2018,10163.8,10798.5,9908.49,10574.4,0
25 February 2018,10161,10439.5,9761.08,10146,0
24 February 2018,10593.4,10954.7,9839.53,10185.4,0
23 February 2018,10036.3,10876.2,9730.05,10606.3,0
22 February 2018,10785.2,11213.3,9878.11,10087.2,0
21 February 2018,11376.1,11705.5,10532.8,10814,0
20 February 2018,11961.5,12448.6,11302.3,11419.6,0
19 February 2018,11461.5,12139.6,11414.8,11955.6,0
18 February 2018,12298,12465,11222,11471.7,0
17 February 2018,11729,12461,11598.4,12299,0
16 February 2018,11495.1,11933.6,11125.3,11743.2,0
15 February 2018,11130.8,11718,10898.2,11522.8,0
14 February 2018,10052.4,11272.2,9996.3,11147.5,0
13 February 2018,10340.4,10484.7,9732.68,10058.2,0
12 February 2018,9607.98,10539.7,9585.63,10332.4,0
11 February 2018,10227.7,10303.1,9155.35,9554.94,0
10 February 2018,10419.1,11389.2,9701.52,10241.5,0
09 February 2018,9487.49,10523.3,9055.04,10433.2,0
08 February 2018,8520.46,9791.36,8498.19,9491.45,0
07 February 2018,8892.45,9623.53,8126.7,8506.34,0
06 February 2018,7836.37,9058.5,6481.57,8932.47,0
05 February 2018,9420.41,9635.9,7340.02,7742.99,0
04 February 2018,10713.2,11047.2,9058.8,9424.25,0
03 February 2018,10181.5,11206.3,9126,10737.5,0
02 February 2018,10872.5,10945,8033.34,10127.6,0
01 February 2018,12618.6,12822.4,10324.2,10898.1,0
31 January 2018,12276,12953.9,11547.5,12596,0
30 January 2018,14065,14153.4,12068.1,12282.5,0
29 January 2018,14612,14815.1,13686.1,14004.9,0
28 January 2018,13769.5,14908.2,13673.9,14619.6,0
27 January 2018,13359.2,14042.8,13033.1,13719.2,0
26 January 2018,13456.8,14032.1,12291.4,13356.2,0
25 January 2018,13650.7,14190.9,13134,13495.9,0
24 January 2018,12986.7,13961.2,12579.7,13532.8,0
23 January 2018,13048.3,13656.7,11893.6,12957.1,0
22 January 2018,13918,14500.1,11994.8,13080.6,0
21 January 2018,15692.8,15785,13349.2,13822.3,0
20 January 2018,14291.2,16056.6,14163.6,15671.4,0
19 January 2018,13973.4,15046.3,13403.9,14196.4,0
18 January 2018,13519.5,15295.5,12899.4,14095.5,0
17 January 2018,13322.5,14454.7,10082.4,13536.3,0
16 January 2018,17353.9,17521.3,10938.1,13369.5,0
15 January 2018,17960.5,18990.2,16896.6,17345.8,0
14 January 2018,18855.4,19494.8,16954.6,17967.6,0
13 January 2018,17926.9,19874.3,17572.4,18896.5,0
12 January 2018,16488.8,18441.1,15939,17907,0
11 January 2018,18297.7,18896.9,15330.3,16430.9,0
10 January 2018,18265.7,19132.1,16362.1,18285.2,0
09 January 2018,18455.3,19679.8,17088,18213.7,0
08 January 2018,20801,21565.7,16437,18484.8,0
07 January 2018,20138,22088.3,19276.8,20796.6,0
06 January 2018,19189.6,21136.8,18142.1,20142.1,0
05 January 2018,19186.5,21361.7,17628.5,19174.1,0
04 January 2018,18605.6,20913.5,17337.2,19097.9,0
03 January 2018,16867.9,19296.5,16249,18543.3,0
02 January 2018,15505.6,17643.8,15089.9,16902.6,0
01 January 2018,15111.7,16105.3,14296.9,15473.2,0
31 December 2017,13817.1,15526.9,13506.7,15107.2,0
30 December 2017,15354.9,16462.4,13273.1,14081.1,0
29 December 2017,13828.3,15882.3,13342,15375.1,0
28 December 2017,14413.5,14687.9,12610.3,13747.6,0
27 December 2017,14304.7,15357.5,13478.7,14437.7,0
26 December 2017,13620.5,14718.1,13236.6,14317.6,0
25 December 2017,13117.5,14246.2,12527.6,13612.7,0
24 December 2017,13698.5,13940.7,11392.5,13028.3,0
23 December 2017,12637.3,14711.5,12310.7,13623.9,0
22 December 2017,15075.8,15522.1,9438.53,12443.9,0
21 December 2017,14810.6,16596.2,13567.7,15003.4,0
20 December 2017,14356.7,15813.6,12892.5,14756.7,0
19 December 2017,13646.5,15607.8,12846.5,14357.4,0
18 December 2017,12245.1,14018.5,11636.6,13640,0
17 December 2017,11765.2,12854.3,11520.5,12217.8,0
16 December 2017,11224.4,12263.8,10970.4,11754.2,0
15 December 2017,11218.6,11784.5,10011,11207.5,0
14 December 2017,10157.4,11768.5,9779.33,11211.5,0
13 December 2017,10136.4,11023.4,9254.68,10182.3,0
12 December 2017,8843.82,10572.4,8632.71,10136,0
11 December 2017,7861.29,9123.6,7830.36,8824.11,0
10 December 2017,8206.73,8383.83,7092.96,7876.48,0
09 December 2017,8648.1,9133.18,7581.63,8204.7,0
08 December 2017,8068.08,9205.32,7147.79,8610.41,0
07 December 2017,7688.9,8553.06,7082.95,8068.58,0
06 December 2017,7508.55,8317.53,7036.84,7682.07,0
05 December 2017,7284.51,7770.6,7030.07,7520.48,0
04 December 2017,6869.49,7363.49,6683.69,7269.77,0
03 December 2017,6673.11,7276.1,6479.81,6870.8,0
02 December 2017,6592.26,6860.58,6441.92,6665.74,0
01 December 2017,6168.49,6668.63,5872.19,6595.38,0
30 November 2017,5994.34,6535.96,5561.36,6194.15,0
29 November 2017,6129.43,6990.44,5806.79,5979,0
28 November 2017,5998.87,6174.52,5931.34,6119.6,0
27 November 2017,5744.05,6018.76,5723.19,5995.97,0
26 November 2017,5407.45,5848.89,5388.54,5733.51,0
25 November 2017,5104.31,5429.15,5055.29,5408.74,0
24 November 2017,4990.69,5202.95,4900.15,5112.85,0
23 November 2017,5022.01,5112.23,4907.62,4975.18,0
22 November 2017,4900.45,5068.34,4898.04,5033.91,0
21 November 2017,4981.92,5066.74,4709.78,4896.87,0
20 November 2017,4872.01,5060.66,4817.29,4979.88,0
